Job ID,Job URL,Job Title,Company Name,Status,Timestamp,WP ID
a9bc3fc868795455,https://lr.linkedin.com/jobs/view/always-on-the-lookout-for-brilliant-humans-power-market-edition%21-at-octopus-energy-4407422914,Always on the lookout for Brilliant Humans - Power Market Edition!,,scraped,2026-07-07T01:51:59.248659,
45f083ebe5a891bd,https://lr.linkedin.com/jobs/view/hey-you%21-yes-you%21are-you-looking-for-a-job-opportunity-that-offers-challenging-and-rewarding-work-amazing-perks-a-fun-work-atmosphere-and-room-for%E2%80%A6-at-butler-byers-insurance-ltd-4436984542,"Hey you! Yes, you!Are you looking for a job opportunity that offers challenging and rewarding work, amazing perks, a fun work atmosphere, and room for…",,scraped,2026-07-07T01:52:10.811921,
873ac75958a76887,https://lr.linkedin.com/jobs/view/terry-newcomer-at-chambersburg-fire-department-4436190144,TERRY NEWCOMER,,scraped,2026-07-07T01:52:17.525202,
a53806b4d11e9255,https://lr.linkedin.com/jobs/view/scott-mcnew-at-chambersburg-fire-department-4436183314,SCOTT MCNEW,,scraped,2026-07-07T01:52:34.004486,
83efcf5aa8b31040,https://lr.linkedin.com/jobs/view/product-owner-at-social-discovery-group-4413332501,Product Owner,,scraped,2026-07-07T01:52:53.331871,
b588f76badaca105,https://lr.linkedin.com/jobs/view/%EF%84%B8%E5%81%A5%E5%BA%B7%E4%BA%8B%E6%A5%AD%E6%89%80%E5%AE%A3%E8%A8%80-at-%EF%BC%88%E6%A0%AA%EF%BC%89%E5%9C%9F%E7%94%B0%E7%94%A3%E6%A5%AD-4431954506,健康事業所宣言,,scraped,2026-07-07T01:52:59.926384,
27f159ace66fd1b2,https://lr.linkedin.com/jobs/view/staffing-clerk-at-prairie-mountain-health-4435355904,Staffing Clerk,,scraped,2026-07-07T01:53:44.453727,
3523893c2e056226,https://lr.linkedin.com/jobs/view/executive-search-team-lead-at-social-discovery-group-4385026280,Executive Search Team Lead,,scraped,2026-07-07T01:53:51.706851,
1c1944b5cabaa4e9,https://lr.linkedin.com/jobs/view/housing-resource-specialist-at-town-of-vail-4436260724,Housing Resource Specialist,Town of Vail,posted,2026-07-07T01:54:23.565579,18
13f520b5c5c546df,https://lr.linkedin.com/jobs/view/%E9%87%91%E8%9E%8D%E4%BA%A7%E5%93%81%E7%BB%8F%E7%90%86%EF%BC%88%E4%BA%A4%E6%98%93%E6%96%B9%E5%90%91%EF%BC%89-at-lbank-4435465246,金融产品经理（交易方向）,,scraped,2026-07-07T01:54:26.175765,
2b5e3b3c3aa2c8fe,https://lr.linkedin.com/jobs/view/lpn-part-time-at-pikes-peak-post-acute-4437495924,LPN Part time,,scraped,2026-07-07T01:54:32.531959,
7f09af4c546f1387,https://lr.linkedin.com/jobs/view/%E5%8D%B0%E5%B0%BC%E5%95%86%E5%8A%A1%E7%BB%8F%E7%90%86-at-web3-4436000395,印尼商务经理,Web3,failed|wp_post_failed,2026-07-07T01:55:57.764155,
993fc7d3307a07a5,https://lr.linkedin.com/jobs/view/worldwide-native-english-speaking-rota-nanny-sought-asap-start-at-london-nannies-ltd-4433935813,Worldwide | Native English-Speaking Rota Nanny Sought | ASAP Start,,scraped,2026-07-07T01:56:00.527839,
e5eda4d1acc9bffe,https://lr.linkedin.com/jobs/view/rooftop-server-seasonal-at-arlo-hotels-4435181936,Rooftop Server (Seasonal),,scraped,2026-07-07T01:56:22.951616,
0616b011bbf89817,https://lr.linkedin.com/jobs/view/%E4%B8%AA%E4%BB%A3%E4%B8%9A%E5%8A%A1%E9%83%A8%E9%98%9F%E4%BC%8D%E5%8F%91%E5%B1%95%E5%B2%97-at-%E5%B9%B3%E5%AE%89%E5%81%A5%E5%BA%B7%E4%BF%9D%E9%99%A9%E8%82%A1%E4%BB%BD%E6%9C%89%E9%99%90%E5%85%AC%E5%8F%B8-4436477586,个代业务部队伍发展岗,,scraped,2026-07-07T01:57:29.470155,
370114fe7df13df6,https://lr.linkedin.com/jobs/view/on-air-radio-talent-radio-content-and-programming-director-at-with-radio-inc-4436043103,On Air Radio Talent-Radio Content and Programming Director,With Radio Inc,posted,2026-07-07T01:57:45.532270,20
ad3b68e6fb9eedd8,https://lr.linkedin.com/jobs/view/registered-nurse-behavioral-mental-health-at-thompson-child-family-focus-a-child-s-place-program-4437129169,Registered Nurse Behavioral Mental Health,Thompson Child & Family Focus - A Child's Place Program,posted,2026-07-07T01:58:09.460924,22
037045e30a417d19,https://lr.linkedin.com/jobs/view/district-lead-tb-at-clinton-health-access-initiative-inc-4436057475,District Lead - TB,,scraped,2026-07-07T01:58:12.126781,
28147e983dba85b3,https://lr.linkedin.com/jobs/view/resources-management-officer-p-call-for-expression-of-interest-at-iom-un-migration-4434971113,Resources Management Officer (P) - Call for Expression of Interest,IOM - UN Migration,posted,2026-07-07T01:59:49.565401,24
4d663637d9de3189,https://lr.linkedin.com/jobs/view/bremen-silberpr%C3%A4ge-elektroniker-mechatroniker-ausbilder-m-w-d-at-grone-hamburg-4434197995,"Bremen-Silberpräge: Elektroniker/Mechatroniker, Ausbilder (m/w/d)",,scraped,2026-07-07T01:59:52.194766,
38d7dc2db047cff2,https://lr.linkedin.com/jobs/view/product-analyst-pricing-and-paywalls-at-social-discovery-group-4414336056,Product Analyst (Pricing and Paywalls),,scraped,2026-07-07T02:00:01.556656,
7bb375b832840d33,https://lr.linkedin.com/jobs/view/senior-manager-programmatic-at-wpp-media-4432370675,Senior Manager - Programmatic,,scraped,2026-07-07T02:00:08.205900,
8a24326c1f1c7276,https://lr.linkedin.com/jobs/view/senior-system-engineer-at-social-discovery-group-4425795675,Senior System Engineer,,scraped,2026-07-07T02:00:33.887270,
a284dc7d218ff329,https://lr.linkedin.com/jobs/view/junior-partner-account-manager-chinese-english-russian-at-social-discovery-group-4422745441,Junior Partner Account Manager (Chinese & English & Russian),,scraped,2026-07-07T02:00:40.993748,
7eb207ea8af4de74,https://lr.linkedin.com/jobs/view/senior-cv-engineer-at-social-discovery-group-4426405353,Senior CV Engineer,,scraped,2026-07-07T02:00:47.314874,
dbcfb0ebda65345a,https://lr.linkedin.com/jobs/view/senior-nlp-engineer-at-social-discovery-group-4426401383,Senior NLP Engineer,,scraped,2026-07-07T02:00:53.547372,
e8bc653075057e01,https://lr.linkedin.com/jobs/view/senior-net-developer-ai-product-at-social-discovery-group-4413618250,Senior .Net Developer (AI Product),,scraped,2026-07-07T02:00:59.783375,
90bf3e9eb864b4e5,https://lr.linkedin.com/jobs/view/placed-zimbabwe-experienced-maternity-nurse-required-6-month-booking-end-of-may-early-june-2026-at-london-nannies-ltd-4433929963,PLACED | Zimbabwe | Experienced Maternity Nurse Required - 6-Month Booking | End of May / Early June 2026,,scraped,2026-07-07T02:01:06.044684,
3bb071f1f3ba03e1,https://lr.linkedin.com/jobs/view/staffing-clerk-at-prairie-mountain-health-4436456291,Staffing Clerk,,scraped,2026-07-07T02:01:13.304709,
4e7673b2c666225f,https://lr.linkedin.com/jobs/view/staffing-clerk-at-prairie-mountain-health-4435364337,Staffing Clerk,,scraped,2026-07-07T02:01:20.788837,
af7e3507d82b98a9,https://lr.linkedin.com/jobs/view/payroll-director-at-city-of-springfield-human-resources-4437729585,Payroll Director,City of Springfield Human Resources,posted,2026-07-07T12:19:49.267328,26
e5e7a074769fadb7,https://lr.linkedin.com/jobs/view/series-63-exam-why-you-should-take-it-and-what-it-unlocks-at-make-money-travel-4433108709,Series 63 Exam: Why You Should Take It and What It Unlocks,MAKE MONEY TRAVEL,posted,2026-07-07T12:20:14.166854,28
994d9f7784738d13,https://lr.linkedin.com/jobs/view/placed-mumbai-india-full-time-governess-sought-asap-start-date-at-london-nannies-ltd-4433933792,"PLACED | Mumbai, India | Full Time Governess Sought | ASAP Start Date",London Nannies Ltd,posted,2026-07-07T12:20:27.469755,30
045a035d5c687290,https://lr.linkedin.com/jobs/view/project-assistant-at-ace-promotion-marketing-corporation-4435455670,Project Assistant,Ace Promotion & Marketing Corporation,posted,2026-07-07T12:20:41.819566,32
339d32b64f397c2b,https://lr.linkedin.com/jobs/view/chief-of-mission-p-call-for-expression-of-interest-at-iom-un-migration-4436467297,Chief of Mission (P) - Call for Expression of Interest,IOM - UN Migration,posted,2026-07-07T12:20:57.091324,34
fdd238ffe588693c,https://lr.linkedin.com/jobs/view/account-executive-at-with-radio-inc-4436040207,Account Executive,With Radio Inc,posted,2026-07-07T12:21:06.981516,36
12597874af76aaa8,https://lr.linkedin.com/jobs/view/software-engineer-ii-a-gbs-ind-at-bank-of-america-4400566829,Software Engineer II A - GBS IND,Bank of America,posted,2026-07-07T12:21:19.284798,38
6114c10700fb455f,https://lr.linkedin.com/jobs/view/lumed-production-technician-at-rayner-optical-company-limited-4431969774,LUMed - Production Technician,RAYNER OPTICAL COMPANY LIMITED,posted,2026-07-07T12:21:32.581045,40
15a6078ae19047ee,https://lr.linkedin.com/jobs/view/senior-superintendent-i-mines-rdc-15-min-032-at-ivanhoe-mines-4435432513,"Senior Superintendent I, Mines(RDC_15_MIN_032)",,scraped,2026-07-07T12:21:35.085656,
938dd773a8de7b8f,https://lr.linkedin.com/jobs/view/hr-generalist-at-thompson-child-family-focus-a-child-s-place-program-4436999185,HR Generalist,Thompson Child &amp; Family Focus - A Child's Place Program,posted,2026-07-07T12:21:53.419198,42
9172f624630d8788,https://lr.linkedin.com/jobs/view/senior-total-rewards-manager-at-social-discovery-group-4384488469,Senior Total Rewards Manager,,scraped,2026-07-07T12:21:56.116934,
36b21093adaeee26,https://lr.linkedin.com/jobs/view/site-reliability-engineer-sre-at-social-discovery-group-4414343073,Site Reliability Engineer (SRE),,scraped,2026-07-07T12:22:02.746327,
b542fe463b23c684,https://lr.linkedin.com/jobs/view/senior-system-administrator-at-social-discovery-group-4414358683,Senior System Administrator,,scraped,2026-07-07T12:22:09.168305,
26ab9c61d1e6249f,https://lr.linkedin.com/jobs/view/senior-crm-manager-at-social-discovery-group-4433948990,Senior CRM Manager,,scraped,2026-07-07T12:22:15.481548,
8209f862999b10d6,https://lr.linkedin.com/jobs/view/senior-ua-manager-at-social-discovery-group-4431974223,Senior UA Manager,,scraped,2026-07-07T12:22:21.937008,
a580b47c024ae57f,https://lr.linkedin.com/jobs/view/product-analyst-muslima-at-social-discovery-group-4432792415,Product Analyst (Muslima),,scraped,2026-07-07T12:22:28.348023,
9c73d61c9381186e,https://lr.linkedin.com/jobs/view/hrd-hr-business-partner-investment-platform-portfolio-companies-at-social-discovery-group-4436540251,HRD / HR Business Partner (Investment Platform & Portfolio Companies),,scraped,2026-07-07T12:22:38.782223,
44c33c05b1c68e00,https://lr.linkedin.com/jobs/view/funded-traineeship-for-young-graduates-at-the-eu-delegation-to-liberia-at-eubam-libya-4437110979,Funded traineeship for young graduates at the EU Delegation to Liberia,,scraped,2026-07-07T20:44:41.722651,
a83196656651275b,https://lr.linkedin.com/jobs/view/cna-at-pikes-peak-post-acute-4437706289,CNA,Pikes Peak Post Acute,posted,2026-07-07T20:45:03.871629,44
f0d2a67c91b1b22c,https://lr.linkedin.com/jobs/view/project-manager-at-funnel-flow-4436808573,Project Manager,Funnel Flow,posted,2026-07-07T20:45:21.277048,46
410a611336936e85,https://lr.linkedin.com/jobs/view/operator-at-pacific-das-4437832507,Operator,Pacific DAS,posted,2026-07-07T20:45:38.456687,48
365a14b33b62f0c2,https://lr.linkedin.com/jobs/view/freelance-email-copywriter-at-funnel-flow-4435456638,Freelance Email Copywriter,Funnel Flow,posted,2026-07-07T20:45:49.360081,50
d68aed5968abe96f,https://lr.linkedin.com/jobs/view/stadtb%C3%BCcherei-at-kultur-im-sommer-4435499053,STADTBÜCHEREI,Kultur im Sommer,posted,2026-07-07T20:46:00.448042,52
d6af5f6e455a7c22,https://lr.linkedin.com/jobs/view/seth-robinson-at-chambersburg-fire-department-4436176635,SETH ROBINSON,Chambersburg Fire Department,posted,2026-07-07T20:46:16.057032,54
7d69c025ee501ca1,https://lr.linkedin.com/jobs/view/assistant-restaurant-manager-william-street-cbd-at-nando-s-australia-new-zealand-4437824951,Assistant Restaurant Manager - William Street CBD,,scraped,2026-07-07T20:46:32.740345,
dc61228d28fddf0a,https://lr.linkedin.com/jobs/view/%E8%B5%84%E6%B7%B1%E8%B5%84%E9%87%91%E5%86%85%E6%8E%A7%E7%BB%8F%E7%90%86%EF%BC%88%E4%BA%A4%E6%98%93%E6%89%80%E7%BB%8F%E9%AA%8C%EF%BC%89-at-web3-4436822096,资深资金内控经理（交易所经验）,Web3,failed|wp_post_failed,2026-07-07T20:47:53.536490,
589436680a739bde,https://lr.linkedin.com/jobs/view/teacher-assistant-floater-at-cadence-education-4435293344,Teacher Assistant -Floater,Cadence Education,posted,2026-07-07T20:48:12.144000,56
8a91c76f48cbb4ca,https://lr.linkedin.com/jobs/view/senior-executive-paid-social-at-wpp-media-4430232127,Senior Executive - Paid Social,WPP Media,posted,2026-07-07T20:48:28.097498,58
7cc29344bdffab5a,https://lr.linkedin.com/jobs/view/%E7%BD%91%E7%BB%9C%E5%AE%89%E5%85%A8%E5%B7%A5%E7%A8%8B%E5%B8%88-at-imf-ingenieurgesellschaft-meinhardt-fulst-gmbh-4436819211,网络安全工程师,,scraped,2026-07-07T20:48:30.709648,
26c8167dae7ca908,https://lr.linkedin.com/jobs/view/associate-director-hrbp-at-wpp-media-4433941772,Associate Director- HRBP,WPP Media,posted,2026-07-07T20:48:53.953428,60
ecbef60cd68534e7,https://lr.linkedin.com/jobs/view/consultant-digital-health-advisor-at-palladium-make-it-possible-4418035403,"Consultant, Digital Health Advisor",Palladium: Make It Possible,posted,2026-07-07T20:49:06.505496,62
b45f51b07dd31a16,https://lr.linkedin.com/jobs/view/senior-accountant-charitable-funds-and-financial-governance-at-betsi-cadwaladr-university-health-board-4437830332,Senior Accountant Charitable Funds and Financial Governance,,scraped,2026-07-07T20:49:09.116907,
2537c292d6c071c9,https://lr.linkedin.com/jobs/view/country-director-drc-2025684-at-world-relief-4433920336,Country Director DRC - 2025684,World Relief,posted,2026-07-08T07:20:27.101005,74
b14800abfde6454c,https://lr.linkedin.com/jobs/view/dioula-bilingual-expert-remote-at-yo-it-consulting-4436880557,Dioula Bilingual Expert - Remote,,scraped,2026-07-08T07:20:35.645239,
76b61c8b3d379831,https://lr.linkedin.com/jobs/view/manager-at-bank-of-america-4427039519,Manager,Bank of America,posted,2026-07-08T07:21:14.629290,76
fbf96281d7c0ff30,https://lr.linkedin.com/jobs/view/hrd-hr-business-partner-investment-platform-portfolio-companies-at-social-discovery-group-4434545830,HRD / HR Business Partner (Investment Platform & Portfolio Companies),,scraped,2026-07-08T07:21:21.360178,
a8a0e2ffe3477bce,https://lr.linkedin.com/jobs/view/hardware-systems-engineering-work-products-contributor-at-alignerr-4438124354,Hardware & Systems Engineering Work Products Contributor,Alignerr,posted,2026-07-08T07:22:01.406096,78
873932a735bf0c24,https://lr.linkedin.com/jobs/view/hardware-systems-engineering-work-products-contributor-at-alignerr-4438130224,Hardware & Systems Engineering Work Products Contributor,Alignerr,scraped,2026-07-08T07:22:05.861807,
91f2c83bb24a381c,https://lr.linkedin.com/jobs/view/hardware-systems-engineering-artifacts-contributor-at-alignerr-4438129233,Hardware & Systems Engineering Artifacts Contributor,Alignerr,posted,2026-07-08T07:22:40.145400,80
e1437d3aadcb9928,https://lr.linkedin.com/jobs/view/senior-accountant-charitable-funds-and-financial-governance-at-betsi-cadwaladr-university-health-board-4438127997,Senior Accountant Charitable Funds and Financial Governance,,scraped,2026-07-08T07:22:42.724069,
2d17b4580aa3935e,https://lr.linkedin.com/jobs/view/stem-phd-qualifier-contributor-ai-training-data-at-alignerr-4438115845,STEM PhD Qualifier Contributor | AI Training Data,Alignerr,posted,2026-07-08T07:23:23.076020,82
358bea40a92a4adb,https://lr.linkedin.com/jobs/view/stem-phd-qualifier-contributor-ai-training-data-at-alignerr-4438126278,STEM PhD Qualifier Contributor | AI Training Data,Alignerr,scraped,2026-07-08T07:23:27.376159,
094947fb66a67518,https://lr.linkedin.com/jobs/view/metteur-en-service-d%E2%80%99%C3%A9quipements-%C3%A9lectriques-h-f-%E2%80%93-guyane-at-vulcain-engineering-group-4436827163,Metteur en service d’équipements électriques (H/F) – Guyane,Vulcain Engineering Group,posted,2026-07-08T07:23:57.331917,84
9003d1328e09efac,https://lr.linkedin.com/jobs/view/%E5%8D%97%E4%BA%9Abd%EF%BC%88%E5%8D%B0%E5%BA%A6-%E5%B7%B4%E5%9F%BA%E6%96%AF%E5%9D%A6%EF%BC%89-at-web3-4436819252,南亚BD（印度/巴基斯坦）,Web3,posted,2026-07-08T15:57:00.762082,86
81bfc3711767fbf5,https://lr.linkedin.com/jobs/view/%E5%8D%B0%E5%B0%BC%E5%95%86%E5%8A%A1%E7%BB%8F%E7%90%86-at-web3-4437071205,印尼商务经理,Web3,failed|wp_post_failed,2026-07-08T15:58:25.156937,
a9a49cf5eef2e3ef,https://lr.linkedin.com/jobs/view/manager-at-bank-of-america-4418972273,Manager,Bank of America,posted,2026-07-08T15:58:32.262320,76
2ba068681c0ce507,https://lr.linkedin.com/jobs/view/senior-manager-liberia-at-evidence-action-4426846590,"Senior Manager, Liberia",Evidence Action,posted,2026-07-08T15:58:43.962367,88
332cd1f6e945b821,https://lr.linkedin.com/jobs/view/hardware-systems-engineering-work-products-contributor-at-alignerr-4438123390,Hardware & Systems Engineering Work Products Contributor,Alignerr,posted,2026-07-08T15:59:04.865240,78
13078462526e81b3,https://lr.linkedin.com/jobs/view/stem-phd-qualifier-contributor-ai-training-data-at-alignerr-4438113917,STEM PhD Qualifier Contributor | AI Training Data,Alignerr,posted,2026-07-08T15:59:21.940133,82
e24beb5cbaacf59e,https://lr.linkedin.com/jobs/view/senior-data-engineer-at-wpp-media-4434849280,Senior-Data Engineer,WPP Media,posted,2026-07-08T15:59:42.930786,90
b0af67f07803fe0b,https://lr.linkedin.com/jobs/view/%E1%83%93%E1%83%98%E1%83%AF%E1%83%98%E1%83%A2%E1%83%90%E1%83%9A-%E1%83%A1%E1%83%94%E1%83%A0%E1%83%95%E1%83%98%E1%83%A1%E1%83%94%E1%83%91%E1%83%98%E1%83%A1-%E1%83%9D%E1%83%A4%E1%83%98%E1%83%AA%E1%83%94%E1%83%A0%E1%83%98-%E1%83%A5%E1%83%90%E1%83%A0%E1%83%94%E1%83%9A%E1%83%98-at-bank-of-georgia-4434887574,დიჯიტალ სერვისების ოფიცერი - ქარელი,,scraped,2026-07-08T20:42:55.431869,
4c83ddd0e01b3ff5,https://lr.linkedin.com/jobs/view/executive-search-partner-at-social-discovery-group-4416820440,Executive Search Partner,,scraped,2026-07-08T20:43:02.247790,
512c1965645d8972,https://lr.linkedin.com/jobs/view/strategic-policy-advisor-health-systems-strengthening-at-last-mile-health-4426843698,"Strategic Policy Advisor, Health Systems Strengthening",,scraped,2026-07-08T20:43:10.414945,
954b6b221fc7102a,https://lr.linkedin.com/jobs/view/assistant-manager-at-bank-of-america-4419441684,Assistant Manager,Bank of America,posted,2026-07-08T20:43:25.681520,92
c70d1fb507471cf3,https://lr.linkedin.com/jobs/view/java%E5%B7%A5%E7%A8%8B%E5%B8%88-at-web3-4437063556,JAVA工程师,,scraped,2026-07-08T20:43:30.266552,
a61e83acd8da7097,https://lr.linkedin.com/jobs/view/senior-business-development-manager-at-great-eastern-4428488480,Senior Business Development Manager,,scraped,2026-07-08T20:43:37.121884,
58de77b191952dae,https://lr.linkedin.com/jobs/view/swim-instructor-at-ymca-of-east-tennessee-4437814000,Swim Instructor,YMCA of East Tennessee,posted,2026-07-08T20:44:04.191702,94
9d5961bbe696bc70,https://lr.linkedin.com/jobs/view/stem-phd-qualifier-contributor-ai-training-data-at-alignerr-4438110994,STEM PhD Qualifier Contributor | AI Training Data,Alignerr,posted,2026-07-08T20:44:12.888974,82
be74a4ba47de7f91,https://lr.linkedin.com/jobs/view/%E3%80%90%E5%9C%96%E6%9B%B8%E9%A4%A8%E5%85%B8%E8%97%8F%E9%96%B1%E8%A6%BD%E7%B5%84%E3%80%91%E8%AA%A0%E5%BE%B5%E5%85%BC%E8%81%B7%E5%B7%A5%E8%AE%80%E7%94%9F-%E9%A0%90%E4%BC%B0115%E5%B9%B48%E6%9C%88%E8%B5%B7%E8%81%98-at-national-taiwan-normal-university-4435023383,【圖書館典藏閱覽組】誠徵兼職工讀生 - 預估115年8月起聘,National Taiwan Normal University,posted,2026-07-08T20:44:24.166885,96
eb218e601cadeaaa,https://lr.linkedin.com/jobs/view/private-finance-manager-at-social-discovery-group-4434556202,Private Finance Manager,,scraped,2026-07-08T20:44:32.793078,
24e3ab88a36e0d2f,https://lr.linkedin.com/jobs/view/devops-platform-engineer-at-social-discovery-group-4415241384,DevOps / Platform Engineer,,scraped,2026-07-08T20:44:38.992376,
8e5387ad35f010f1,https://lr.linkedin.com/jobs/view/%E5%B9%BF%E5%91%8A%E5%88%B6%E7%89%87%EF%BC%88social-video%E6%96%B9%E5%90%91%EF%BC%89-at-%E6%95%B0%E8%8B%B1-digitaling-4438509324,广告制片（social video方向）,,scraped,2026-07-09T10:34:11.028407,
00e13fd44ea6e2f1,https://lr.linkedin.com/jobs/view/assistant-manager-at-bank-of-america-4419453361,Assistant Manager,Bank of America,posted,2026-07-09T10:34:31.525755,92
6f9788f311b7b76f,https://lr.linkedin.com/jobs/view/senior-associate-%E2%80%93-fullstack-developer-at-think360-ai-4437361772,Senior Associate – Fullstack Developer,,scraped,2026-07-09T10:34:48.433453,
aa0b50e624278f81,https://lr.linkedin.com/jobs/view/behavioural-support-worker-at-betsi-cadwaladr-university-health-board-4438600930,Behavioural Support Worker,,scraped,2026-07-09T10:35:00.058798,
43e4591434471078,https://lr.linkedin.com/jobs/view/dm-family-staffing-llc-at-starke-county-economic-development-foundation-inc-4435602283,"DM & Family Staffing, LLC","Starke County Economic Development Foundation, Inc.",posted,2026-07-09T18:42:52.517447,98
8546befb7602d387,https://www.linkedin.com/jobs/view/human-resources-administrator-at-perry-ellis-international-4430101971,Human Resources Administrator,Perry Ellis International,posted,2026-07-09T18:43:13.733901,100
97ff6013a0c38d64,https://lr.linkedin.com/jobs/view/ai-seo-content-manager-at-ngm-4438596985,AI SEO Content Manager,,scraped,2026-07-09T18:43:24.346939,
5a796addddd6cd94,https://lr.linkedin.com/jobs/view/%E5%8A%A9%E7%90%86%E5%AE%A2%E6%88%B7%E6%80%BB%E7%9B%91-%E5%AE%A2%E6%88%B7%E6%80%BB%E7%9B%91-aad-ad-at-%E6%95%B0%E8%8B%B1-digitaling-4438510234,助理客户总监/客户总监 AAD/AD,,scraped,2026-07-09T18:43:33.401548,
4fb195fa333527c2,https://lr.linkedin.com/jobs/view/octopus-internships-at-octopus-energy-4096198322,Octopus Internships,,scraped,2026-07-09T18:43:40.171569,
772a4aefa303a153,https://lr.linkedin.com/jobs/view/%E8%B5%84%E6%B7%B1%E5%AE%A2%E6%88%B7%E6%89%A7%E8%A1%8C-sae-at-%E6%95%B0%E8%8B%B1-digitaling-4438504571,资深客户执行 SAE,,scraped,2026-07-09T18:43:49.414728,
e3edc64e8a056f74,https://lr.linkedin.com/jobs/view/bd-manager%EF%BC%88kol%EF%BC%89-at-web3-4437562483,BD Manager（KOL）,Web3,posted,2026-07-09T18:45:23.455543,102
9db88e2c0465da6f,https://lr.linkedin.com/jobs/view/team-lead-data-engineer-at-social-discovery-group-4417223567,Team Lead Data Engineer,,scraped,2026-07-09T18:45:48.139415,
592270a507abebd6,https://lr.linkedin.com/jobs/view/lead-teacher-infant-at-cadence-education-4437580736,Lead Teacher - Infant,Cadence Education,posted,2026-07-09T23:55:30.625894,104
99e9b49bed2b3fb0,https://lr.linkedin.com/jobs/view/coordinator-supply-chain-at-international-federation-of-red-cross-and-red-crescent-societies-ifrc-4438803405,"Coordinator, Supply Chain",,scraped,2026-07-09T23:55:35.105863,
7ea273676becf22a,https://lr.linkedin.com/jobs/view/%E7%BD%91%E7%BB%9C%E5%AE%89%E5%85%A8%E5%B7%A5%E7%A8%8B%E5%B8%88-at-imf-ingenieurgesellschaft-meinhardt-fulst-gmbh-4437574030,网络安全工程师,,scraped,2026-07-09T23:55:43.235231,
889f9364bc59001b,https://lr.linkedin.com/jobs/view/deputy-programme-area-manager-adult-and-community-learning-at-busnes%40llandrillomenai-4438828651,Deputy Programme Area Manager - Adult and Community Learning,,scraped,2026-07-09T23:55:54.719939,
c99654a0cb33c51d,https://lr.linkedin.com/jobs/view/payroll-administrator-at-mills-automotive-group-4435928060,Payroll Administrator,Mills Automotive Group,posted,2026-07-09T23:56:12.363541,106
0325ff9503ec827d,https://lr.linkedin.com/jobs/view/country-lead-expert-education-at-khulisa-management-services-4435684278,Country Lead & Expert: Education,Khulisa Management Services,posted,2026-07-09T23:56:23.624227,108
13e661377f7d5893,https://lr.linkedin.com/jobs/view/behavioural-support-worker-at-betsi-cadwaladr-university-health-board-4436985654,Behavioural Support Worker,,scraped,2026-07-09T23:56:32.189437,
79a556b54a40cf53,https://lr.linkedin.com/jobs/view/manager-at-bank-of-america-4418968299,Manager,Bank of America,posted,2026-07-09T23:56:54.177659,76
38810621ea8062b8,https://lr.linkedin.com/jobs/view/assistant-manager-at-bank-of-america-4438668505,Assistant Manager,Bank of America,posted,2026-07-09T23:57:00.516604,92
56964dea04f4d78b,https://lr.linkedin.com/jobs/view/bull-heifer-vacancies-at-bettws-hall-sporting-estates-4438887382,BULL & HEIFER VACANCIES,Bettws Hall Sporting Estates,posted,2026-07-10T11:27:51.113548,110
e68aade98ba95500,https://lr.linkedin.com/jobs/view/production-and-packing-operatives-nights-at-the-village-bakery-group-4435959274,PRODUCTION AND PACKING OPERATIVES (NIGHTS),,scraped,2026-07-10T11:27:59.631654,
d3c7c61fbcf6a2a7,https://lr.linkedin.com/jobs/view/supporting-at-the-california-league-of-independent-notaries-4435981494,Supporting,The California League of Independent Notaries,posted,2026-07-10T11:28:18.958600,112
68f9251113b8d59e,https://lr.linkedin.com/jobs/view/staffing-clerk-at-prairie-mountain-health-4438866364,Staffing Clerk,,scraped,2026-07-10T11:28:21.496916,
540eee8426f4add3,https://lr.linkedin.com/jobs/view/senior-organisational-development-advisor-at-nhs-scotland-4437959883,Senior Organisational Development Advisor,,scraped,2026-07-10T11:28:32.719364,
0c022bbb6a3b6211,https://lr.linkedin.com/jobs/view/free-data-engineer-internship-by-fampay-bengaluru-2025-at-course-bhai-4437972667,Free Data Engineer Internship by FamPay Bengaluru 2025,Course Bhai,posted,2026-07-10T11:29:13.639910,114
bebf794e9b3dede1,https://lr.linkedin.com/jobs/view/operator-langsnijder-at-vandeweghe-flexo-printing-4436024710,Operator / langsnijder,VANDEWEGHE FLEXO PRINTING,posted,2026-07-10T11:29:25.767789,116
05540998db1cd803,https://lr.linkedin.com/jobs/view/%E5%93%81%E7%89%8C%E4%B8%8E%E6%96%87%E5%8C%96%E7%BB%8F%E7%90%86%EF%BC%88brand-culture-manager-at-%E6%95%B0%E8%8B%B1-digitaling-4439041069,品牌与文化经理（Brand&Culture Manager,,scraped,2026-07-10T11:29:28.322329,
0da979e19edd65f7,https://lr.linkedin.com/jobs/view/performance-marketing-specialist-at-surge-global-4434808175,Performance Marketing Specialist,,scraped,2026-07-10T11:29:35.302881,
42f1598c6acf01c4,https://lr.linkedin.com/jobs/view/%E8%B5%84%E6%B7%B1%E7%AD%96%E7%95%A5-%E8%B5%84%E6%B7%B1%E7%AD%96%E7%95%A5%E7%BB%8F%E7%90%86%EF%BC%88pm-spm%EF%BC%89-at-%E6%95%B0%E8%8B%B1-digitaling-4439022808,资深策略/资深策略经理（PM/SPM）,,scraped,2026-07-10T11:29:43.641793,
5cdb9ae94b9f7514,https://lr.linkedin.com/jobs/view/district-lead-tb-at-clinton-health-access-initiative-inc-4437950145,District Lead - TB,"Clinton Health Access Initiative, Inc.",posted,2026-07-10T11:30:05.006259,118
2247f26eb1b89d41,https://lr.linkedin.com/jobs/view/senior-organisational-development-advisor-at-nhs-ayrshire-arran-4435949619,Senior Organisational Development Advisor,,scraped,2026-07-10T11:30:07.393637,
9eea9210d83e4c89,https://lr.linkedin.com/jobs/view/lead-data-scientist-at-think360-ai-4437360878,Lead Data Scientist,,scraped,2026-07-10T11:30:19.100290,
6c0dd3196096d255,https://lr.linkedin.com/jobs/view/eto%0Ajune-30-2026-at-offshore-jobs-4438622761,"ETO
June 30, 2026",,scraped,2026-07-10T11:30:33.494031,
539518163e70cd88,https://lr.linkedin.com/jobs/view/rail-operations-expert-at-globe-24-7-4437758659,Rail Operations Expert,,scraped,2026-07-10T11:30:44.042443,
e976281f717a66ec,https://lr.linkedin.com/jobs/view/%E6%B1%82%E4%BA%BA%E5%8B%9F%E9%9B%86%E8%A6%81%E9%A0%85%EF%BD%9C%E6%AD%A3%E7%A4%BE%E5%93%A1%E5%8B%9F%E9%9B%86%EF%BC%81-at-%E6%A3%AE%E5%BB%BA%E8%A8%AD%E5%B7%A5%E6%A5%AD%EF%BC%88%E6%A0%AA%EF%BC%89-4435982219,求人募集要項｜正社員募集！,森建設工業（株）,failed|wp_post_failed,2026-07-10T11:30:58.572578,
f1923fbe69937eb8,https://lr.linkedin.com/jobs/view/%E3%83%91%E3%83%BC%E3%83%88%E2%97%8E%E3%83%A1%E3%83%87%E3%82%A3%E3%82%AB%E3%83%AB%E3%82%B9%E3%82%BF%E3%83%83%E3%83%95%E3%80%88%E7%9C%8B%E8%AD%B7%E5%8A%A9%E6%89%8B%E3%80%89%E2%97%8E%E8%B3%87%E6%A0%BC%E4%B8%8D%E8%A6%81%E3%83%BB%E6%9C%AA%E7%B5%8C%E9%A8%93%EF%BD%8F%EF%BD%8B%E2%97%8E%E4%BA%AC%E7%8E%8B%E7%B7%9A%E3%80%80%E5%9B%BD%E9%A0%98%E9%A7%85%E3%81%99%E3%81%90%E3%81%9D%E3%81%B0%E2%97%8E%E3%80%8A%E6%B1%82%E4%BA%BA%E6%83%85%E5%A0%B1%E3%80%8B-at-%EF%BC%88%E5%8C%BB%E7%A4%BE%EF%BC%89%E7%9F%B3%E5%B7%9D%E8%A8%98%E5%BF%B5%E4%BC%9A-4435970276,パート◎メディカルスタッフ〈看護助手〉◎資格不要・未経験ＯＫ◎京王線　国領駅すぐそば◎《求人情報》,（医社）石川記念会,failed|wp_post_failed,2026-07-10T11:31:04.609080,
9d6cf558e71626b3,https://lr.linkedin.com/jobs/view/%E5%8F%8C%E8%AF%AD%E5%AE%A2%E6%9C%8D%E4%B8%BB%E7%AE%A1-at-imf-ingenieurgesellschaft-meinhardt-fulst-gmbh-4437561512,双语客服主管,,scraped,2026-07-10T11:31:13.147708,
34b451cbe61d75d6,https://lr.linkedin.com/jobs/view/fire-captain-at-lake-alfred-fire-dept-4438283543,Fire Captain,Lake Alfred Fire Dept,posted,2026-07-10T18:15:52.567200,120
cea2d8bc51ebf757,https://lr.linkedin.com/jobs/view/superintendent-ii-engineering-at-ivanhoe-mines-4437976939,"Superintendent II, Engineering",,scraped,2026-07-10T18:15:55.129879,
46c8baf71df27621,https://lr.linkedin.com/jobs/view/environmental-and-sustainability-officer-at-busnes%40llandrillomenai-4439046182,Environmental and Sustainability Officer,,scraped,2026-07-10T18:16:10.503042,
aaa5c2fd66cf70c7,https://lr.linkedin.com/jobs/view/frontend-developer-at-247x-4439050589,Frontend Developer,,scraped,2026-07-10T18:16:19.730707,
ae4cf0d46acbb14c,https://lr.linkedin.com/jobs/view/able-seafarer-at-nautilus-international-4436797691,Able Seafarer,,scraped,2026-07-10T18:16:25.934425,
05fc4ba6ccd0a32b,https://lr.linkedin.com/jobs/view/advocate-at-the-california-league-of-independent-notaries-4435967725,Advocate,The California League of Independent Notaries,posted,2026-07-10T18:16:53.717205,122
5d68357547ad2d5e,https://lr.linkedin.com/jobs/view/senior-product-manager-at-247x-4439058410,Senior Product Manager,,scraped,2026-07-10T18:16:56.393127,
ce79563df74ad790,https://lr.linkedin.com/jobs/view/automation-engineer-at-autoadmins-4439306963,Automation Engineer,AutoAdmins,posted,2026-07-10T18:17:36.686822,124
68f71bcd375f0575,https://lr.linkedin.com/jobs/view/immediate-hiring-%E2%80%93-industrial-electrician-pet-blow-molding-filling-line-at-bridgeway-corporation-4433902075,Immediate Hiring – Industrial Electrician (PET Blow Molding & Filling Line),,scraped,2026-07-10T18:17:39.322332,
7ebe959449356279,https://lr.linkedin.com/jobs/view/software-engineer-manager-payments-at-gigfinder-ai-4438336548,SOFTWARE ENGINEER MANAGER - Payments,GigFinder.ai,posted,2026-07-10T18:18:17.611877,126
659cc40a8fd86675,https://lr.linkedin.com/jobs/view/accountant-for-doctors-how-a-medical-accountant-can-help-your-business-at-evolve-accountants-business-advisors-4435999556,ACCOUNTANT FOR DOCTORS: HOW A MEDICAL ACCOUNTANT CAN HELP YOUR BUSINESS,,scraped,2026-07-10T18:18:24.275210,
7fd7d73af3d32b57,https://lr.linkedin.com/jobs/view/agent%E5%88%9B%E6%96%B0%E5%BA%94%E7%94%A8%E7%AE%97%E6%B3%95%E5%B7%A5%E7%A8%8B%E5%B8%88-at-web3-4438308907,Agent创新应用算法工程师,Web3,posted,2026-07-10T18:19:52.954898,128
26e39a25e5ff9bcf,https://lr.linkedin.com/jobs/view/%E7%AE%A1%E7%90%86%E6%A0%84%E9%A4%8A%E5%A3%AB%EF%BC%88%E6%AD%A3%E8%81%B7%E5%93%A1%EF%BC%89-at-%EF%BC%88%E5%8C%BB%EF%BC%89%E6%84%9B%E6%AD%A3%E4%BC%9A-4439010858,管理栄養士（正職員）,（医）愛正会,failed|wp_post_failed,2026-07-10T18:19:59.193069,
de5739ba9ad5ca5f,https://lr.linkedin.com/jobs/view/chief-of-party-cop-at-world-vision-4439076585,Chief of Party (CoP),,scraped,2026-07-10T18:20:01.795857,
d043fb0138e39865,https://lr.linkedin.com/jobs/view/fitter%0Ajuly-2-2026-at-offshore-jobs-4438623716,"Fitter
July 2, 2026",,scraped,2026-07-10T18:20:10.570563,
247bc4351f637413,https://lr.linkedin.com/jobs/view/%E5%83%91%E7%94%9F%E5%85%88%E4%BF%AE%E9%83%A8%E5%BE%B5%E8%81%98%E5%85%BC%E4%BB%BB%E5%8F%8A%E5%84%B2%E5%82%99%E6%95%99%E5%B8%AB-at-national-taiwan-normal-university-4438308962,僑生先修部徵聘兼任及儲備教師,National Taiwan Normal University,failed|wp_post_failed,2026-07-10T18:20:23.879335,
7540a89616f1a3dd,https://lr.linkedin.com/jobs/view/%EF%BC%81%E6%80%A5%E5%8B%9F%EF%BC%81%E3%82%A2%E3%83%AB%E3%83%90%E3%82%A4%E3%83%88%E2%97%8E%E3%83%A1%E3%83%87%E3%82%A3%E3%82%AB%E3%83%AB%E3%82%B9%E3%82%BF%E3%83%83%E3%83%95%E3%80%88%E7%9C%8B%E8%AD%B7%E5%8A%A9%E6%89%8B%E3%80%89%E2%97%8E%E8%B3%87%E6%A0%BC%E4%B8%8D%E8%A6%81%E3%83%BB%E6%9C%AA%E7%B5%8C%E9%A8%93%EF%BD%8F%EF%BD%8B%E2%97%8E%E6%A8%AA%E6%B5%9C%E9%A7%85%E3%81%99%E3%81%90%E3%81%9D%E3%81%B0%E2%97%8E%E3%80%8A%E6%B1%82%E4%BA%BA%E6%83%85%E5%A0%B1%E3%80%8B-at-%EF%BC%88%E5%8C%BB%E7%A4%BE%EF%BC%89%E7%9F%B3%E5%B7%9D%E8%A8%98%E5%BF%B5%E4%BC%9A-4435983078,！急募！アルバイト◎メディカルスタッフ〈看護助手〉◎資格不要・未経験ＯＫ◎横浜駅すぐそば◎《求人情報》,（医社）石川記念会,failed|wp_post_failed,2026-07-10T18:20:32.265020,
16a20046c22472be,https://lr.linkedin.com/jobs/view/rooftop-host-seasonal-at-arlo-hotels-4439007448,Rooftop Host (Seasonal),Arlo Hotels,posted,2026-07-10T18:20:59.361395,130
ad15456e6248460a,https://lr.linkedin.com/jobs/view/rmm-automation-consultant-at-autoadmins-4439312680,RMM & Automation Consultant,AutoAdmins,posted,2026-07-10T18:21:15.530933,132
a1290da57b18c6a3,https://lr.linkedin.com/jobs/view/senior-accountant-charitable-funds-and-financial-governance-at-betsi-cadwaladr-university-health-board-4439315186,Senior Accountant Charitable Funds and Financial Governance,,scraped,2026-07-10T18:21:22.242626,
0449122b33e5b9a4,https://lr.linkedin.com/jobs/view/lead-marketing-analyst-at-social-discovery-group-4434821679,Lead Marketing Analyst,,scraped,2026-07-10T18:21:30.559851,
0fc334ed20b08729,https://lr.linkedin.com/jobs/view/senior-officer-safety-standards-alignement-3-positions-at-ivanhoe-mines-4438363965,"Senior Officer, Safety & Standards Alignement- 3 Positions",,scraped,2026-07-10T23:43:24.081810,
a1657f195895da48,https://lr.linkedin.com/jobs/view/cfo-chief-financial-officer-at-247x-4439068048,CFO (Chief Financial Officer),,scraped,2026-07-10T23:43:35.565211,
59d5831d82ee6fcc,https://lr.linkedin.com/jobs/view/backend-developer-at-247x-4439062237,Backend Developer,,scraped,2026-07-10T23:44:01.680101,
5190b89e079334c5,https://lr.linkedin.com/jobs/view/alipikus-at-medicalbeauty-hu-4438330930,Alipikus,Medicalbeauty.hu,posted,2026-07-10T23:44:20.489690,134
58971f1c071f0d35,https://lr.linkedin.com/jobs/view/%E3%82%AA%E3%83%BC%E3%83%97%E3%83%B3%E3%82%A8%E3%83%B3%E3%83%88%E3%83%AA%E3%83%BC-at-%E6%A0%AA%E5%BC%8F%E4%BC%9A%E7%A4%BE%E3%83%AA%E3%83%99%E3%83%AB%E3%82%AF%E3%83%A9%E3%83%95%E3%83%88-4438356310,オープンエントリー,,scraped,2026-07-10T23:44:25.041659,
486c8f31d9483030,https://lr.linkedin.com/jobs/view/communications-learning-social-media-assistant-at-tusa-farm-4437311930,"Communications, Learning & Social Media Assistant",TUSA FARM,posted,2026-07-10T23:44:43.526738,136
78251e5b862a8d1a,https://lr.linkedin.com/jobs/view/full-time-family-medical-physician-for-rural-health-family-practice-at-losmc-larose-at-lady-of-the-sea-medical-clinic-4438349242,FULL-TIME Family Medical Physician for Rural Health Family Practice at LOSMC-Larose,Lady Of The Sea Medical Clinic,posted,2026-07-10T23:44:56.519476,138
70954ea7bba7c50e,https://lr.linkedin.com/jobs/view/senior-robotics-engineer-at-inverita-4439010337,Senior Robotics Engineer,inVerita,posted,2026-07-10T23:45:09.659349,140
157e48494ce2620a,https://lr.linkedin.com/jobs/view/meewerk-stage-composiet-hbo-at-donkervoort-automobielen-b-v-4437003198,MEEWERK stage Composiet (HBO),Donkervoort Automobielen B.V.,posted,2026-07-10T23:45:25.633233,142
3f4440470b639adb,https://lr.linkedin.com/jobs/view/s%C3%BCblimasyon-porselen-turuncu-nescafe-fincan%C4%B1-at-teknofi%CC%87nal-4436640078,Süblimasyon Porselen Turuncu Nescafe Fincanı,,scraped,2026-07-10T23:45:29.969112,
5b0f492de70ee92f,https://lr.linkedin.com/jobs/view/s%C3%BCblimasyon-porselen-beyaz-nescafe-fincan%C4%B1-at-teknofi%CC%87nal-4436622999,Süblimasyon Porselen Beyaz Nescafe Fincanı,,scraped,2026-07-10T23:45:36.240324,
2ac8bc684c846e93,https://lr.linkedin.com/jobs/view/hr-bp-hrd-core-business-unit-at-social-discovery-group-4435675743,HR BP/HRD (Core Business Unit),,scraped,2026-07-10T23:45:44.758432,
1611f4f4c6c7438a,https://lr.linkedin.com/jobs/view/trento-%E2%80%93-personale-ausiliario-e-di-cucina-at-citt%C3%A0-futura-scs-4439098350,Trento – personale ausiliario e di cucina,,scraped,2026-07-10T23:45:55.337989,
0f7cef74921e45d6,https://lr.linkedin.com/jobs/view/senior-product-analyst-at-social-discovery-group-4408803722,Senior Product analyst,,scraped,2026-07-10T23:46:07.640283,
80b8f236931d7aba,https://lr.linkedin.com/jobs/view/community-relations-officer-%E2%80%93-bopulu-gbarpolu-county-liberia-at-energicity-4436646056,"Community Relations Officer – Bopulu Gbarpolu County, Liberia",,scraped,2026-07-11T07:27:35.896666,
8be80a4bc98fc6a2,https://lr.linkedin.com/jobs/view/head-of-social-media-at-247x-4439056411,Head Of Social Media,,scraped,2026-07-11T07:27:41.978651,
22f9e206d522c7ba,https://lr.linkedin.com/jobs/view/tiktok-%E7%9B%B4%E6%92%AD%E4%B8%BB%E6%8C%81%E4%BA%BA-at-aivora-4438307903,TikTok 直播主持人,,scraped,2026-07-11T07:28:04.109339,
3f9339a1bc0d6ebf,https://lr.linkedin.com/jobs/view/tanfolyamok-at-medicalbeauty-hu-4438343347,Tanfolyamok,Medicalbeauty.hu,posted,2026-07-11T07:28:35.423762,144
8a1b969c5fef2858,https://lr.linkedin.com/jobs/view/dayforce-implementations-consultant-%E2%80%93-payroll-at-embelo-4439090665,Dayforce Implementations Consultant – Payroll,Embelo,posted,2026-07-11T07:28:59.566717,146
5e7e74e562699007,https://lr.linkedin.com/jobs/view/%E3%83%91%E3%83%B3%E8%A2%8B%E3%81%AA%E3%81%A9%E3%81%AE%E5%8D%B0%E5%88%B7%EF%BC%8F%E3%83%9E%E3%82%B7%E3%83%B3%E3%82%AA%E3%83%9A%E3%83%AC%E3%83%BC%E3%82%BF%E3%83%BC-at-%EF%BC%88%E6%A0%AA%EF%BC%89%E3%83%88%E3%83%AA%E3%83%BC%E3%83%88-4439514735,パン袋などの印刷／マシンオペレーター,（株）トリート,failed|wp_post_failed,2026-07-11T07:29:07.595267,
2bc94559e47b30ba,https://lr.linkedin.com/jobs/view/assistant-professor-of-physiology-neuroscience-and-neurology-tenure-at-american-autonomic-society-aas-4436639814,"ASSISTANT PROFESSOR OF PHYSIOLOGY, NEUROSCIENCE AND NEUROLOGY (TENURE)",American Autonomic Society (AAS),posted,2026-07-11T07:29:22.195816,148
3b612fbe2db5c6e6,https://lr.linkedin.com/jobs/view/deputy-cdo-at-social-discovery-group-4409207024,Deputy CDO,,scraped,2026-07-11T07:29:38.868211,
bb8c19218a76216b,https://lr.linkedin.com/jobs/view/s%C3%BCblimasyon-porselen-sar%C4%B1-motto-fincan-koli-at-teknofi%CC%87nal-4436627941,Süblimasyon Porselen Sarı Motto Fincan - Koli,,scraped,2026-07-11T07:29:47.517421,
43db5906bc306849,https://lr.linkedin.com/jobs/view/%E8%B5%84%E6%B7%B1%E7%AD%96%E7%95%A5-%E7%AD%96%E7%95%A5%E4%B8%93%E5%91%98-at-%E6%95%B0%E8%8B%B1-digitaling-4438510237,资深策略/策略专员,,scraped,2026-07-11T07:29:56.145993,
b9e280291293682f,https://lr.linkedin.com/jobs/view/real-estate-agent-at-sphere-rocket-va-us-4437556620,Real Estate Agent,Sphere Rocket VA US,posted,2026-07-11T11:38:45.447734,150
0605feb50a20381a,https://lr.linkedin.com/jobs/view/cashier-4436958172,Cashier,Bettomax sports,posted,2026-07-11T11:38:59.118705,152
1390763f3248092f,https://lr.linkedin.com/jobs/view/virtual-medical-secretary-wfh-at-vmore-virtual-practice-people-4438913800,Virtual Medical Secretary [WFH],,scraped,2026-07-11T11:39:21.789237,
4f8663aa59a7e565,https://lr.linkedin.com/jobs/view/%E5%B7%A5%E5%A0%B4%E5%86%85%E3%81%A7%E3%81%AE%E7%89%A9%E6%B5%81%E6%A5%AD%E5%8B%99-at-%EF%BC%88%E6%A0%AA%EF%BC%89%E3%83%88%E3%83%AA%E3%83%BC%E3%83%88-4439524429,工場内での物流業務,（株）トリート,failed|wp_post_failed,2026-07-11T11:39:47.913521,
d6d5ec2547c5163f,https://lr.linkedin.com/jobs/view/%E5%96%B6%E6%A5%AD%E8%81%B7-at-%EF%BC%88%E6%A0%AA%EF%BC%89%E5%8D%97%E4%BA%88%E3%83%93%E3%83%BC%E3%82%B8%E3%83%A7%E3%82%A4-4438281010,営業職,（株）南予ビージョイ,failed|wp_post_failed,2026-07-11T11:39:53.967072,
f2dfb17ce7a20c2b,https://lr.linkedin.com/jobs/view/national-child-protection-consultant-office-based-with-possible-travel-6-months-monrovia-at-unicef-4439555234,"National Child Protection Consultant (Office based with possible travel), 6 months, Monrovia",UNICEF,posted,2026-07-11T11:40:44.939502,154
5d14f868476a7e75,https://lr.linkedin.com/jobs/view/akne-gyullad%C3%A1s-at-medicalbeauty-hu-4438328818,"Akne, gyulladás",Medicalbeauty.hu,posted,2026-07-11T11:41:31.604393,156
8518b4513d241fbd,https://lr.linkedin.com/jobs/view/s%C3%BCblimasyon-porselen-siyah-nescafe-fincan%C4%B1-at-teknofi%CC%87nal-4436631832,Süblimasyon Porselen Siyah Nescafe Fincanı,,scraped,2026-07-11T11:41:52.090835,
dfb74939fc4ac252,https://lr.linkedin.com/jobs/view/manager-at-bank-of-america-4411651520,Manager,Bank of America,posted,2026-07-11T15:45:53.613774,76
b0dd00dbcc482f6e,https://lr.linkedin.com/jobs/view/%E3%83%91%E3%83%BC%E3%83%88%E2%97%8E%E3%83%A1%E3%83%87%E3%82%A3%E3%82%AB%E3%83%AB%E3%82%B9%E3%82%BF%E3%83%83%E3%83%95%E3%80%88%E7%9C%8B%E8%AD%B7%E5%8A%A9%E6%89%8B%E3%80%89%E2%97%8E%E8%B3%87%E6%A0%BC%E4%B8%8D%E8%A6%81%E3%83%BB%E6%9C%AA%E7%B5%8C%E9%A8%93%EF%BD%8F%EF%BD%8B%E2%97%8E%E5%B7%9D%E8%B6%8A%E9%A7%85%E3%81%99%E3%81%90%E3%81%9D%E3%81%B0%E2%97%8E%E3%80%8A%E6%B1%82%E4%BA%BA%E6%83%85%E5%A0%B1%E3%80%8B-at-%EF%BC%88%E5%8C%BB%E7%A4%BE%EF%BC%89%E7%9F%B3%E5%B7%9D%E8%A8%98%E5%BF%B5%E4%BC%9A-4436684026,パート◎メディカルスタッフ〈看護助手〉◎資格不要・未経験ＯＫ◎川越駅すぐそば◎《求人情報》,（医社）石川記念会,failed|wp_post_failed,2026-07-11T15:47:13.765272,
a676a333a217e66e,https://lr.linkedin.com/jobs/view/vessel-equipment-engineer-%E2%80%93-worldwide-offshore-operations-amp-%238211-rt0025-ably-resources-ltd-at-mypetrocareer-com-4436640358,Vessel Equipment Engineer – Worldwide Offshore Operations &amp;#8211; RT0025 | Ably Resources LTD,,scraped,2026-07-11T19:57:02.245650,
7761cc9686b2a038,https://lr.linkedin.com/jobs/view/net-automation-developer-at-autoadmins-4439306964,.NET Automation Developer,AutoAdmins,posted,2026-07-11T19:57:37.726558,158
b63800d13ceb397d,https://lr.linkedin.com/jobs/view/what-the-hell-is-value-anyway%3F-at-product-tranquility-4438936057,What The Hell Is Value Anyway?,Product Tranquility,posted,2026-07-11T19:57:49.190894,160
64f91508511703e4,https://lr.linkedin.com/jobs/view/floating-elc-cook-full-time-all-elc-sites-at-the-y-canberra-region-4437305105,Floating ELC Cook - Full Time - All ELC Sites,,scraped,2026-07-11T19:57:53.830234,
5676a37118bed771,https://lr.linkedin.com/jobs/view/meewerk-stage-composiet-mbo-at-donkervoort-automobielen-b-v-4436893681,MEEWERK stage Composiet (MBO),Donkervoort Automobielen B.V.,posted,2026-07-11T19:58:13.180212,162
09e6f0290defc9b9,https://lr.linkedin.com/jobs/view/behavioural-support-worker-at-betsi-cadwaladr-university-health-board-4439561858,Behavioural Support Worker,,scraped,2026-07-11T19:58:21.755507,
e27da42b79b2254c,https://lr.linkedin.com/jobs/view/clinical-lead-occupational-therapist-children-s-weight-management-at-hywel-dda-university-health-board-4438917844,Clinical Lead Occupational Therapist - Children's Weight Management,,scraped,2026-07-11T19:58:46.926848,
a71ea4d81a1d4270,https://lr.linkedin.com/jobs/view/senior-ua-manager-core-meta-at-social-discovery-group-4427350767,"Senior UA Manager (Core, Meta)",,scraped,2026-07-11T19:58:56.523935,
4509d8dfeea872f4,https://lr.linkedin.com/jobs/view/associate-customer-service-centre-at-great-eastern-4430070961,Associate - Customer Service Centre,,scraped,2026-07-11T20:55:33.663357,
7250dcce213d9469,https://lr.linkedin.com/jobs/view/vessel-field-engineers-%E2%80%93-worldwide-offshore-projects-amp-%238211-rt0026-ably-resources-ltd-at-mypetrocareer-com-4436653138,Vessel Field Engineers – Worldwide Offshore Projects &amp;#8211; RT0026 | Ably Resources LTD,,scraped,2026-07-11T20:55:53.178466,
41630fc498ed4f2c,https://lr.linkedin.com/jobs/view/operator-perserij-at-gouda-feuerfest-4439598182,Operator Perserij,Gouda Feuerfest,posted,2026-07-13T18:21:59.392650,164
b4e30cbda3cd108c,https://lr.linkedin.com/jobs/view/production-supervisor-chemical-at-al-batinah-plastic-factory-4439367282,Production Supervisor (Chemical),,scraped,2026-07-13T18:22:21.843080,
7cfc9c6f747c9681,https://lr.linkedin.com/jobs/view/crm-manager-at-staffco-io-4439422606,CRM Manager,StaffCo Io.,posted,2026-07-13T18:22:36.752282,166
659cf3ed98dd1e90,https://lr.linkedin.com/jobs/view/officer-safeguarding-at-international-federation-of-red-cross-and-red-crescent-societies-ifrc-4439714981,"Officer, Safeguarding",,scraped,2026-07-13T18:22:41.386281,
8644d18d402f2665,https://lr.linkedin.com/jobs/view/customer-success-engineer-at-autoadmins-4439319308,Customer Success Engineer,AutoAdmins,posted,2026-07-13T18:22:54.892639,168
88107bf2da778542,https://lr.linkedin.com/jobs/view/officer-volunteering-and-branch-development-at-international-federation-of-red-cross-and-red-crescent-societies-ifrc-4439713946,"Officer, Volunteering and Branch Development",,scraped,2026-07-13T18:23:03.509407,
7e170280ecec1c95,https://lr.linkedin.com/jobs/view/productie-operator-at-metazet-b-v-4438870275,Productie operator,,scraped,2026-07-13T18:23:11.859105,
d08af9dc26331ad2,https://lr.linkedin.com/jobs/view/tanfolyamok-at-medicalbeauty-hu-4439102337,Tanfolyamok,Medicalbeauty.hu,posted,2026-07-13T18:23:24.304015,144
98cc6f6d3e2a8d7d,https://lr.linkedin.com/jobs/view/assistant-production-at-akxa-digital-4439769112,Assistant production,Akxa Digital,posted,2026-07-13T18:23:38.245795,170
7ab93ae349cdccd1,https://lr.linkedin.com/jobs/view/boxer-bucket-filler-at-encore-floral-marketing-inc-4439551426,Boxer / Bucket Filler,Encore Floral Marketing Inc,posted,2026-07-13T18:23:59.535452,172
bcbbadf43e58bb42,https://lr.linkedin.com/jobs/view/electrical-service-engineer-wanted-at-arge-4438985737,ELECTRICAL SERVICE ENGINEER WANTED,,scraped,2026-07-13T18:24:02.219587,
72686ca43d3e8bc8,https://lr.linkedin.com/jobs/view/student-information-systems-analyst-at-medical-college-of-wisconsin-4411924115,Student Information Systems Analyst,Medical College of Wisconsin,posted,2026-07-13T18:24:22.752837,174
8ea589005066981c,https://lr.linkedin.com/jobs/view/inbound-sales-closer-at-hunt-remotely-4439436215,Inbound Sales Closer,Hunt Remotely,posted,2026-07-13T18:24:48.587996,176
3ba802fcb4891e1f,https://lr.linkedin.com/jobs/view/social-media-marketing-virtual-assistant-at-hunt-remotely-4439440058,Social Media & Marketing Virtual Assistant,Hunt Remotely,posted,2026-07-13T18:25:05.967667,178
8b8a6618c504c02d,https://lr.linkedin.com/jobs/view/senior-officer-protection-gender-and-inclusion-at-international-federation-of-red-cross-and-red-crescent-societies-ifrc-4439724637,"Senior Officer, Protection, Gender and Inclusion",,scraped,2026-07-13T18:25:10.894155,
bb090b692fff259b,https://lr.linkedin.com/jobs/view/head-of-legal-at-social-discovery-group-4404421155,Head of Legal,,scraped,2026-07-13T18:25:17.481839,
1b2940f69d4e4e60,https://lr.linkedin.com/jobs/view/why-listening-to-your-customers-sabotages-your-b2b-saas-pricing-at-product-tranquility-4439113036,Why Listening to Your Customers Sabotages Your B2B SaaS Pricing,Product Tranquility,posted,2026-07-13T18:25:37.287255,180
3bbb7180fe222ca1,https://lr.linkedin.com/jobs/view/policy-specialist-at-partners-in-health-4439415827,Policy Specialist,Partners In Health,posted,2026-07-13T18:25:50.479683,182
882be06e8b628434,https://lr.linkedin.com/jobs/view/superintendent-iii-safety-at-ivanhoe-mines-4439941045,"Superintendent III, Safety",,scraped,2026-07-15T16:53:55.629132,
9c48c37cb8510233,https://lr.linkedin.com/jobs/view/harvest-intern-at-woodinville-custom-wines-4439798059,Harvest Intern,Woodinville Custom Wines,posted,2026-07-15T16:54:24.393412,184
264e0b3a2326c3c2,https://lr.linkedin.com/jobs/view/superintendent-ii-technical-training-at-ivanhoe-mines-4439922873,"Superintendent II, Technical Training",,scraped,2026-07-15T16:54:31.083306,
7360b0541beecb27,https://lr.linkedin.com/jobs/view/identity-risk-management-field-ops-mission-assurance-4-at-mission-technologies-a-division-of-hii-4439982369,Identity / Risk Management Field Ops (Mission Assurance 4),"Mission Technologies, a division of HII",posted,2026-07-15T16:54:49.483205,186
178c788f30be6345,https://lr.linkedin.com/jobs/view/cellar-assistant-at-woodinville-custom-wines-4439784485,Cellar Assistant,Woodinville Custom Wines,posted,2026-07-15T16:54:59.011421,188
5722e11cbe8dead1,https://lr.linkedin.com/jobs/view/creative-producer-female-oriented-product-at-social-discovery-group-4437619412,Creative Producer (Female-Oriented Product),,scraped,2026-07-15T16:55:03.629656,
318615ab07f770ae,https://lr.linkedin.com/jobs/view/tiktok-%E7%9B%B4%E6%92%AD%E4%B8%BB%E6%8C%81%E4%BA%BA-at-aivora-4440238241,TikTok 直播主持人,,scraped,2026-07-15T16:55:20.039341,
de51f30752178c3c,https://lr.linkedin.com/jobs/view/mechanical-engineer-planner-at-internovi-b-v-4439817680,MECHANICAL ENGINEER / PLANNER,,scraped,2026-07-15T16:55:36.530553,
8e23ba852c02f41f,https://lr.linkedin.com/jobs/view/virtual-medical-secretary-wfh-at-vmore-virtual-practice-people-4439438805,Virtual Medical Secretary [WFH],,scraped,2026-07-15T16:55:43.684742,
7406fe6298d51327,https://lr.linkedin.com/jobs/view/senior-business-development-manager-at-great-eastern-4439484006,Senior Business Development Manager,,scraped,2026-07-15T16:55:51.781537,
32e21c668ad08eca,https://lr.linkedin.com/jobs/view/client-relationship-manager-at-cutter-aviation-4439893706,CLIENT RELATIONSHIP MANAGER,Cutter Aviation,posted,2026-07-15T16:56:13.022049,190
0433607a5fcd62f3,https://lr.linkedin.com/jobs/view/head-of-personal-assistant-at-social-discovery-group-4400876614,Head of Personal Assistant,,scraped,2026-07-15T16:56:15.734593,
27d474f404828d2f,https://lr.linkedin.com/jobs/view/%E5%95%86%E5%8A%A1bd%EF%BC%88%E5%8F%AF%E8%BF%9C%E7%A8%8B-at-web3-4439871568,商务BD（可远程,,scraped,2026-07-15T16:56:22.034688,
e9afb186b0e398aa,https://lr.linkedin.com/jobs/view/district-lead-tb-at-clinton-health-access-initiative-inc-4439110774,District Lead - TB,"Clinton Health Access Initiative, Inc.",posted,2026-07-15T16:56:34.090332,118
84d27d3810d92c63,https://lr.linkedin.com/jobs/view/rooftop-barback-seasonal-at-arlo-hotels-4440091624,Rooftop Barback (Seasonal),Arlo Hotels,posted,2026-07-15T16:56:46.016748,192
5026e329d7ab122b,https://lr.linkedin.com/jobs/view/indigenous-health-patient-advocate-at-prairie-mountain-health-4440864930,Indigenous Health Patient Advocate,,scraped,2026-07-15T16:56:48.704713,
7d282a93de40e06e,https://lr.linkedin.com/jobs/view/coordinator-field-mungbwalu-and-beni-at-international-federation-of-red-cross-and-red-crescent-societies-ifrc-4439731355,"Coordinator, Field (Mungbwalu and Beni)",,scraped,2026-07-15T16:56:57.574667,
0dd995edc27262ad,https://lr.linkedin.com/jobs/view/production-controller-at-wellspect-healthcare-4412106849,Production Controller,,scraped,2026-07-15T16:57:05.779105,
362ad36754b4aa31,https://lr.linkedin.com/jobs/view/java%E5%B7%A5%E7%A8%8B%E5%B8%88-at-web3-4440239235,JAVA工程师,,scraped,2026-07-15T16:57:12.483122,
f9f95c298a369ef8,https://lr.linkedin.com/jobs/view/data-center-project-delivery-manager-at-tangent-international-4437650977,Data Center Project Delivery Manager,,scraped,2026-07-15T16:57:29.370948,
54d066b77b3c4d64,https://lr.linkedin.com/jobs/view/high-voltage-site-engineer-renewables-at-semco-maritime-4408274533,"High Voltage Site Engineer, Renewables",,scraped,2026-07-15T16:57:36.566688,
8fcf5c5f124c0094,https://lr.linkedin.com/jobs/view/part-time-housekeeper-at-states-of-guernsey-4441180702,Part-time Housekeeper,,scraped,2026-07-17T16:39:27.167924,
525dc3e4dd425a14,https://lr.linkedin.com/jobs/view/operations-assistant-g-5-ft-%23006893-monrovia-liberia-wcar-at-unicef-4441971272,"Operations Assistant, G-5, FT, #006893, Monrovia, Liberia - WCAR",UNICEF,posted,2026-07-17T16:39:45.209417,194
f26e635d839d8a1c,https://lr.linkedin.com/jobs/view/maintenance-assistant-at-pikes-peak-post-acute-4441905422,Maintenance Assistant,Pikes Peak Post Acute,posted,2026-07-17T16:39:56.124759,196
47f7e776df29fe5c,https://lr.linkedin.com/jobs/view/superintendent-ii-mining-at-ivanhoe-mines-4439926628,"Superintendent II, Mining",,scraped,2026-07-17T16:39:58.725378,
6960bc46be3fe7b3,https://lr.linkedin.com/jobs/view/laundry-aide-prn-at-pikes-peak-post-acute-4439392658,Laundry Aide (PRN),Pikes Peak Post Acute,posted,2026-07-17T16:40:14.869003,198
3e19a9c7a53cbcbf,https://lr.linkedin.com/jobs/view/evening-cook-at-pikes-peak-post-acute-4440360775,Evening Cook,Pikes Peak Post Acute,posted,2026-07-17T16:40:24.103663,200
8d5bc9a4595d6e17,https://lr.linkedin.com/jobs/view/%E5%8D%B0%E5%B0%BC%E5%95%86%E5%8A%A1%E7%BB%8F%E7%90%86-at-web3-4441321021,印尼商务经理,Web3,failed|wp_post_failed,2026-07-17T16:41:40.405500,
dba4219ada6d7c24,https://lr.linkedin.com/jobs/view/identity-risk-management-field-ops-mission-assurance-4-at-mission-technologies-a-division-of-hii-4440778516,Identity / Risk Management Field Ops (Mission Assurance 4),"Mission Technologies, a division of HII",posted,2026-07-17T16:41:45.460096,186
5e5c508516e6b628,https://lr.linkedin.com/jobs/view/manager-at-bank-of-america-4422443175,Manager,Bank of America,posted,2026-07-17T16:42:00.519693,76
49bd1b3aeabc3d01,https://lr.linkedin.com/jobs/view/production-assistant-at-gamezoo-studio-4439229323,PRODUCTION ASSISTANT,,scraped,2026-07-17T16:42:03.013770,
e2f81cd9ed809b97,https://lr.linkedin.com/jobs/view/%E5%8F%8C%E8%AF%AD%E5%AE%A2%E6%9C%8D%E4%B8%BB%E7%AE%A1-at-imf-ingenieurgesellschaft-meinhardt-fulst-gmbh-4441306530,双语客服主管,,scraped,2026-07-17T16:42:08.961450,
a9193e7a3171ccf2,https://lr.linkedin.com/jobs/view/accountant-for-doctors-how-a-medical-accountant-can-help-your-business-at-evolve-accountants-business-advisors-4438738209,ACCOUNTANT FOR DOCTORS: HOW A MEDICAL ACCOUNTANT CAN HELP YOUR BUSINESS,,scraped,2026-07-17T16:42:18.211125,
e6c33cd27895592b,https://lr.linkedin.com/jobs/view/client-relationship-manager-at-cutter-aviation-4438461925,CLIENT RELATIONSHIP MANAGER,Cutter Aviation,posted,2026-07-17T16:42:27.201325,190
5b702ad182e8234d,https://lr.linkedin.com/jobs/view/human-resources-assistant-4433735745,Human Resources Assistant,selectionpoint,posted,2026-07-17T16:42:34.892935,202
e6c9b2a36b0b6c91,https://lr.linkedin.com/jobs/view/golang-%E5%BC%80%E5%8F%91%E5%B7%A5%E7%A8%8B%E5%B8%88-at-bossjob-4440758416,Golang 开发工程师,,scraped,2026-07-17T16:42:37.483023,
e5da40be06576de6,https://lr.linkedin.com/jobs/view/assistant-restaurant-manager-william-st-at-nando-s-australia-new-zealand-4441958994,Assistant Restaurant Manager - William St,,scraped,2026-07-17T16:42:46.191008,
598c4a7511ebe45b,https://lr.linkedin.com/jobs/view/mezoter%C3%A1pia-mezopen-hidrapen-biopen-at-medicalbeauty-hu-4438966248,"Mezoterápia, mezopen, hidrapen, biopen",Medicalbeauty.hu,posted,2026-07-17T16:42:59.544298,204
c44eec2d80219411,https://lr.linkedin.com/jobs/view/pension-and-benefit-administrator-at-convyta-partners-4440786327,Pension and Benefit Administrator,,scraped,2026-07-17T16:43:02.201383,
5de8ad5853c2f66d,https://lr.linkedin.com/jobs/view/mittelspannungsmonteur-m-w-at-erg-electricit%C3%A9-reiter-grethen-4441195812,Mittelspannungsmonteur (m/w),,scraped,2026-07-17T16:43:08.348349,
eaf4d8b48c3aff15,https://lr.linkedin.com/jobs/view/district-lead-tb-at-clinton-health-access-initiative-inc-4441193869,District Lead - TB,"Clinton Health Access Initiative, Inc.",posted,2026-07-17T16:43:19.816039,118
802593c000a8a2d7,https://lr.linkedin.com/jobs/view/what-the-hell-is-value-anyway%3F-at-product-tranquility-4441167701,What The Hell Is Value Anyway?,Product Tranquility,posted,2026-07-17T16:43:31.031268,160
8bf52d5e168f816e,https://lr.linkedin.com/jobs/view/why-saas-success-requires-you-to-not-focus-on-your-success-podcast-recap-at-product-tranquility-4440280294,Why SaaS Success Requires You to Not Focus on Your Success [Podcast Recap],Product Tranquility,posted,2026-07-17T16:43:40.317256,206
dc43d64975bbd77d,https://lr.linkedin.com/jobs/view/account-manager-at-wpp-media-4438434002,Account Manager,WPP Media,posted,2026-07-17T16:43:48.896446,208
ffa37dccbad77fec,https://lr.linkedin.com/jobs/view/clinical-lead-orthotist-at-betsi-cadwaladr-university-health-board-4442127043,Clinical Lead Orthotist,,scraped,2026-07-17T16:43:53.540435,
bb03881a63095742,https://lr.linkedin.com/jobs/view/marketing-analyst-at-social-discovery-group-4438741727,Marketing analyst,,scraped,2026-07-17T16:44:00.800556,
6c292c6073742b5f,https://lr.linkedin.com/jobs/view/lighting-your-way-out-of-the-black-box-of-saas-pricing-the-prod-box-podcast-at-product-tranquility-4440201111,Lighting Your Way Out of the Black Box of SaaS Pricing // The Prod Box Podcast,Product Tranquility,posted,2026-07-17T16:44:12.974543,210
46754459b0f0cf79,https://lr.linkedin.com/jobs/view/executive-associate-at-partners-in-health-4441317136,Executive Associate,Partners In Health,posted,2026-07-17T16:44:22.637824,212
300b356b81fb251a,https://lr.linkedin.com/jobs/view/marketing-analyst-cm-at-social-discovery-group-4438740736,Marketing Analyst (CM),,scraped,2026-07-17T16:44:25.202992,
78c5f43e9cb0bd78,https://lr.linkedin.com/jobs/view/team-leader-at-bank-of-america-4440573813,Team Leader,Bank of America,posted,2026-07-17T16:44:41.547294,214
9324aed34ea0c4c8,https://lr.linkedin.com/jobs/view/%E7%B7%8F%E5%90%88%E8%B2%B7%E5%8F%96-at-%E3%83%96%E3%83%83%E3%82%AF%E3%82%AA%E3%83%95%E3%82%B3%E3%83%BC%E3%83%9D%E3%83%AC%E3%83%BC%E3%82%B7%E3%83%A7%E3%83%B3%EF%BC%88%E6%A0%AA%EF%BC%89-4439758781,総合買取,ブックオフコーポレーション（株）,failed|wp_post_failed,2026-07-19T15:35:11.156297,
282c5bf17bd873a6,https://lr.linkedin.com/jobs/view/prompt-rating-for-global-languages-at-falcon-tts-4441748069,Prompt Rating for Global Languages,FALCON TTS,posted,2026-07-19T15:35:21.307102,216
ea34048d18fde8bb,https://lr.linkedin.com/jobs/view/member-services-at-ymca-of-east-tennessee-4440562786,Member Services,YMCA of East Tennessee,posted,2026-07-19T15:35:30.042946,218
05e9a69c67406be7,https://lr.linkedin.com/jobs/view/payroll-executive-at-dakar-software-systems-4441136640,PAYROLL EXECUTIVE,,scraped,2026-07-19T15:35:32.508933,
0411da916ecd6c84,https://lr.linkedin.com/jobs/view/payroll-clerk-helps-program-at-credit-bureau-of-vernon-county-4441393873,Payroll Clerk - HELPS PROGRAM*,Credit Bureau Of Vernon County,posted,2026-07-19T15:35:49.654541,220
0558a13f523a1389,https://lr.linkedin.com/jobs/view/charlie-at-evolve-model-4441768703,CHARLIE,,scraped,2026-07-19T15:35:52.226071,
d96103dabcc7bd85,https://lr.linkedin.com/jobs/view/we%E2%80%99re-always-on-the-lookout-for-brilliant-humans-at-octopus-energy-4293766553,We’re always on the lookout for brilliant humans,,scraped,2026-07-19T15:35:58.769755,
2cb2c056e3f962a5,https://lr.linkedin.com/jobs/view/grounds-worker-ft-crown-pt-at-lake-county-council-indiana-4437291557,Grounds Worker (FT) - Crown Pt,Lake County Council - Indiana,posted,2026-07-19T15:36:11.834068,222
d865509621c7a945,https://lr.linkedin.com/jobs/view/loft-project-seeking-transcription-professionals-for-rare-languages-at-falcon-tts-4441748061,LOFT Project - Seeking Transcription Professionals for Rare Languages,FALCON TTS,posted,2026-07-19T15:36:22.735065,224
f502a2befe865306,https://lr.linkedin.com/jobs/view/%E1%83%9B%E1%83%9D%E1%83%9A%E1%83%90%E1%83%A0%E1%83%94-%E1%83%9D%E1%83%9E%E1%83%94%E1%83%A0%E1%83%90%E1%83%A2%E1%83%9D%E1%83%A0%E1%83%98-%E1%83%A0%E1%83%94%E1%83%92%E1%83%98%E1%83%9D%E1%83%9C%E1%83%94%E1%83%91%E1%83%98-at-bank-of-georgia-4438753127,მოლარე-ოპერატორი - რეგიონები,,scraped,2026-07-19T15:36:25.309308,
207e5678eeb94f38,https://lr.linkedin.com/jobs/view/amazon-creator-connections-specialist-at-incubator-lab-4440601375,Amazon Creator Connections Specialist,Incubator Lab,posted,2026-07-19T15:36:38.603779,226
321032da3aa61f52,https://lr.linkedin.com/jobs/view/case-manager-residential-at-thompson-child-family-focus-a-child-s-place-program-4441277258,"Case Manager, Residential",Thompson Child &amp; Family Focus - A Child's Place Program,posted,2026-07-19T15:36:47.248804,228
8d9f0cae40a69bf1,https://lr.linkedin.com/jobs/view/digital-planner-at-omnicom-media-mexico-4439419139,Digital Planner,,scraped,2026-07-19T15:36:49.820323,
f573481a70a32d40,https://lr.linkedin.com/jobs/view/associate-director-cross-discipline-at-wpp-media-4439212884,Associate Director - Cross Discipline,WPP Media,posted,2026-07-19T15:37:03.232375,230
8d603da0ef076f74,https://lr.linkedin.com/jobs/view/conventional-driver-route-jumper-at-hp-hood-llc-4438012001,Conventional Driver - Route Jumper,HP Hood LLC,posted,2026-07-19T15:37:11.918570,232
1a23ec9451355c9b,https://lr.linkedin.com/jobs/view/managing-director-kangaroo-maths-trust-at-guardian-jobs-4440293323,"Managing Director, KANGAROO MATHS TRUST",,scraped,2026-07-19T15:37:18.538245,
11bd4d0f73d097a1,https://lr.linkedin.com/jobs/view/%E3%83%AD%E3%83%82%E3%83%A3%E3%83%BC%E3%82%B9%E5%B7%9D%E5%8F%A3%E5%BA%97%E3%80%80%E3%82%B9%E3%82%BF%E3%83%83%E3%83%95%E5%8B%9F%E9%9B%86-at-%EF%BC%88%E6%A0%AA%EF%BC%89%E3%83%AD%E3%83%82%E3%83%A3%E3%83%BC%E3%82%B9-4442422845,ロヂャース川口店　スタッフ募集,（株）ロヂャース,failed|wp_post_failed,2026-07-19T15:37:26.521021,
45397d2791ab462b,https://lr.linkedin.com/jobs/view/heavy-equipment-mechanic-4439261153,Heavy Equipment Mechanic,K.N.S Corporation,posted,2026-07-19T15:37:33.800270,234
f2d42b9e7dbdd2c7,https://lr.linkedin.com/jobs/view/head-of-funnel-strategy-at-incubator-lab-4440283989,Head of Funnel Strategy,Incubator Lab,posted,2026-07-19T15:37:44.434192,236
27a99d1bf020da2d,https://lr.linkedin.com/jobs/view/clinical-lead-occupational-therapist-children-s-weight-management-at-hywel-dda-university-health-board-4440297276,Clinical Lead Occupational Therapist - Children's Weight Management,,scraped,2026-07-19T15:37:47.040876,
8604053ebfca4ccc,https://lr.linkedin.com/jobs/view/spontaneous-application-at-obra-studio-4440124832,Spontaneous application,,scraped,2026-07-21T17:02:08.491721,
03df9376850257e0,https://lr.linkedin.com/jobs/view/payroll-benefits-bookkeeper-at-richard-butler-school-4442662311,Payroll/Benefits Bookkeeper,Richard Butler School,posted,2026-07-21T17:02:25.863862,238
3dfd7e6dfc98e5b0,https://lr.linkedin.com/jobs/view/advize-evaluating-ad-pushing-algorithms-at-bayan-studio-4442577536,AdVize - Evaluating Ad-Pushing Algorithms,Bayan Studio,posted,2026-07-21T17:02:35.722933,240
8db37727704ded9e,https://lr.linkedin.com/jobs/view/abbott-diabetes-care-at-mr-pape-4442581158,Abbott Diabetes Care,,scraped,2026-07-21T17:02:38.378602,
d97b8df3af6024ec,https://lr.linkedin.com/jobs/view/yoga-instructor-at-billings-family-ymca-4442537866,Yoga Instructor,Billings Family YMCA,posted,2026-07-21T17:02:54.475798,242
ace54907fc003394,https://lr.linkedin.com/jobs/view/campus-land-planner-at-super-fab-lab-%40-unc-c-4443000512,Campus Land Planner,Super Fab Lab @ UNC-C,posted,2026-07-21T17:03:08.111633,244
eaeb49f8bb1c9dad,https://lr.linkedin.com/jobs/view/prn-virtual-nurse-at-nurseremotely-4441370205,PRN Virtual Nurse,NurseRemotely,posted,2026-07-21T17:03:21.459297,246
401757fd333eec60,https://lr.linkedin.com/jobs/view/marketing-specialist-at-bestsuppliers-com-4442744129,Marketing Specialist,,scraped,2026-07-21T17:03:24.048687,
bccf2c413fa1a67f,https://lr.linkedin.com/jobs/view/motion-graphics-designer-at-odixcity-consulting-4442729653,Motion graphics designer,Odixcity Consulting,posted,2026-07-21T17:03:40.271268,248
69b7a8386d7e2963,https://lr.linkedin.com/jobs/view/production-design-intern-at-house-of-gravity-4440413736,Production & Design Intern,,scraped,2026-07-21T17:03:44.799857,
ddcef67093596191,https://lr.linkedin.com/jobs/view/lasrobot-operator-32-40-u-w-at-befo-almelo-bv-4443004297,Lasrobot operator (32-40 u/w),,scraped,2026-07-21T17:03:52.317408,
8d8435bac32fe293,https://lr.linkedin.com/jobs/view/tech-savvy-student-at-iawhi-4439272148,Tech Savvy Student,,scraped,2026-07-21T17:04:02.764449,
f16684a2448aac6c,https://lr.linkedin.com/jobs/view/production-assistant-hungryman-21-7-26-at-day-job-films-4440435218,Production Assistant - HUNGRYMAN - 21.7.26,,scraped,2026-07-21T17:04:09.307225,
85e9ec265228ec50,https://lr.linkedin.com/jobs/view/hiring-for-summer-help-at-elk-rapids-area-chamber-of-commerce-4441725286,Hiring for Summer Help,Elk Rapids Area Chamber of Commerce,posted,2026-07-21T17:04:24.722790,250
922684c792ba93f5,https://lr.linkedin.com/jobs/view/%E9%80%81%E8%BF%8E%E3%82%B5%E3%83%9D%E3%83%BC%E3%83%88%E3%82%B9%E3%82%BF%E3%83%83%E3%83%95-driver-s-assistant-at-knock-knock-english-preschool-4442039036,送迎サポートスタッフ- Driver's Assistant,,scraped,2026-07-21T17:04:27.406267,
ec0e95fc6e4f9ad2,https://lr.linkedin.com/jobs/view/farm-camp-educator-at-mountain-roots-education-4441727133,Farm Camp Educator,Mountain Roots Education,posted,2026-07-21T17:04:40.952139,252
22227abe14e9318b,https://lr.linkedin.com/jobs/view/%E3%82%A2%E3%82%B7%E3%82%B9%E3%82%BF%E3%83%B3%E3%83%88-at-tokyo-zeikei-center-4442718919,アシスタント,,scraped,2026-07-21T17:04:43.561229,
dfd681b27af38a5a,https://lr.linkedin.com/jobs/view/assistant-associate-professor-of-family-and-consumer-sciences-interior-design-at-moser-center-for-entrepreneurial-leadership-4438491287,Assistant / Associate Professor of Family and Consumer Sciences (Interior Design),Moser Center for Entrepreneurial Leadership,posted,2026-07-21T17:04:56.900447,254
fcd39ba49c9d4d9d,https://lr.linkedin.com/jobs/view/cnc-lathe-operators-at-f-g-l-precision-limited-4440125846,CNC Lathe Operators,,scraped,2026-07-21T17:04:59.595606,
1587b45acdc7fef2,https://lr.linkedin.com/jobs/view/experts-at-circular-plastic-in-the-americas-program-cpap-%E2%80%93-chile-4442604066,Experts,,scraped,2026-07-21T17:05:06.528275,
42b82b77db2c07cf,https://lr.linkedin.com/jobs/view/experts-at-circular-plastic-in-the-americas-program-cpap-%E2%80%93-chile-4442283732,Experts,,scraped,2026-07-21T17:05:15.009973,
0792dbf8c14fa582,https://lr.linkedin.com/jobs/view/%E4%BC%81%E6%A5%ADai%E8%BD%89%E5%9E%8B%E5%AF%A6%E6%88%B0%EF%BC%9A%E7%94%A8%E7%94%9F%E6%88%90%E5%BC%8Fai%E6%89%93%E9%80%A0%E9%AB%98%E7%B8%BE%E6%95%88%E3%80%81%E4%BD%8E%E6%88%90%E6%9C%AC%E5%9C%98%E9%9A%8A%E3%80%9009-18%E3%80%91%E5%8F%B0%E4%B8%AD%E5%A0%B4-at-104%E4%BA%BA%E8%B3%87%E5%B8%82%E9%9B%86-4442647383,企業AI轉型實戰：用生成式AI打造高績效、低成本團隊【09/18】台中場,,scraped,2026-07-21T17:05:22.672685,
779eafdd56b71357,https://lr.linkedin.com/jobs/view/character-performers-mascots-for-bluey-x-camp-production-at-bullpen-capital-4439636020,Character Performers/Mascots for Bluey x CAMP Production,Bullpen Capital,posted,2026-07-21T17:05:37.435062,256
44626c17567a1770,https://lr.linkedin.com/jobs/view/apprentice-at-bank-of-america-4443514177,Apprentice,Bank of America,posted,2026-07-21T17:05:46.864955,258
40c6e161ac73d39a,https://lr.linkedin.com/jobs/view/stra%C3%9Fen-und-landschaftsbauer-in-m-w-d-at-ganser-ag-4441761470,Straßen- und Landschaftsbauer/-in (m/w/d),,scraped,2026-07-21T17:05:49.322377,
09e937344da6d121,https://lr.linkedin.com/jobs/view/for-a-fulfilling-career-in-precision-engineering-meet-us-at-basingstoke-college-of-technology-monday-12th-march-at-f-g-l-precision-limited-4440138230,"For a fulfilling career in Precision Engineering, meet us at Basingstoke College of Technology, Monday 12th March",,scraped,2026-07-21T17:05:56.896438,
483927561ed1bc9c,https://lr.linkedin.com/jobs/view/cnc-manual-turner-cylindrical-grinder-at-f-g-l-precision-limited-4440134361,CNC Manual Turner/Cylindrical Grinder,,scraped,2026-07-21T17:06:07.942649,
b8275adde438cd2a,https://lr.linkedin.com/jobs/view/azure-architect-at-odixcity-consulting-4443099076,Azure Architect,Odixcity Consulting,posted,2026-07-21T17:06:20.609514,260
3dbd59f539a317af,https://lr.linkedin.com/jobs/view/%E9%87%91%E8%9E%8D%E4%BA%A7%E5%93%81%E7%BB%8F%E7%90%86%EF%BC%88%E4%BA%A4%E6%98%93%E6%96%B9%E5%90%91%EF%BC%89-at-lbank-4441730518,金融产品经理（交易方向）,,scraped,2026-07-21T17:06:23.268193,
29c1f4d54d2146e4,https://lr.linkedin.com/jobs/view/manager-construction-delay-at-secretariat-4434154263,"Manager, Construction Delay",Secretariat,posted,2026-07-21T17:06:38.268439,262
a304f04f6998d4b8,https://lr.linkedin.com/jobs/view/%E6%B5%B7%E5%A4%96kol%E8%BF%90%E8%90%A5-at-markets%2B-4442643753,海外kol运营,,scraped,2026-07-21T17:06:42.841871,
1c4369ab070868a3,https://lr.linkedin.com/jobs/view/%E5%90%8E%E7%AB%AF%E4%BA%A4%E6%98%93leader%EF%BC%88%E8%BF%9C%E7%A8%8B%E5%8A%9E%E5%85%AC%EF%BC%89-at-web3-4442657218,后端交易Leader（远程办公）,,scraped,2026-07-21T17:06:50.460595,
ee02ef0cd6c4942e,https://lr.linkedin.com/jobs/view/back-office-assistant-star-accounting-at-bas-accounting-support-services-4443455416,Back office assistant(star) (accounting),,scraped,2026-07-23T17:05:23.611759,
4229cabfc2630f05,https://lr.linkedin.com/jobs/view/foreman-civil-works-at-ivanhoe-mines-4443146025,"Foreman, Civil Works",,scraped,2026-07-23T17:05:32.105485,
7b831ad75886a95e,https://lr.linkedin.com/jobs/view/foreman-rigger-at-ivanhoe-mines-4443130543,Foreman Rigger,,scraped,2026-07-23T17:05:41.511597,
9cbdf54e2b7d065d,https://lr.linkedin.com/jobs/view/foreman-mechanical-at-ivanhoe-mines-4443141151,Foreman Mechanical.,,scraped,2026-07-23T17:05:48.820322,
c973098cff5d3fed,https://lr.linkedin.com/jobs/view/medical-coder-at-odixcity-consulting-4443729812,Medical coder,Odixcity Consulting,posted,2026-07-23T17:06:04.367315,264
fc42985583ec9764,https://lr.linkedin.com/jobs/view/cellar-assistant-at-woodinville-custom-wines-4443519149,Cellar Assistant,Woodinville Custom Wines,posted,2026-07-23T17:06:09.570129,188
2d84732c9c338f57,https://lr.linkedin.com/jobs/view/project-manager-at-aether-global-technology-inc-4443163391,Project Manager,Aether Global Technology Inc.,posted,2026-07-23T17:06:16.845105,46
ac1174c7c548d032,https://lr.linkedin.com/jobs/view/language-specialist-annotator-at-odixcity-consulting-4443095306,Language  Specialist Annotator,Odixcity Consulting,posted,2026-07-23T17:06:25.060334,266
865e94bd312cf574,https://lr.linkedin.com/jobs/view/production-assistant-hungryman-21-7-26-at-day-job-films-4441081390,Production Assistant - HUNGRYMAN - 21.7.26,,scraped,2026-07-23T17:06:27.634068,
d06946033e40632f,https://lr.linkedin.com/jobs/view/works-manager-at-dredging-environmental-marine-engineering-nv-4442971469,WORKS MANAGER,Dredging Environmental &amp; Marine Engineering NV,posted,2026-07-23T17:06:40.327369,268
70abfd4954db5ef5,https://lr.linkedin.com/jobs/view/ui-ux-designer-at-aanantatech-stravira-llp-4443160961,UI/UX Designer,,scraped,2026-07-23T17:06:42.933710,
46cf618ea5675056,https://lr.linkedin.com/jobs/view/content-moderator-trust-and-safety-specialist-at-odixcity-consulting-4443086726,Content Moderator (Trust and Safety Specialist),Odixcity Consulting,posted,2026-07-23T17:06:55.997132,270
edb8d575441e4b3d,https://lr.linkedin.com/jobs/view/document-analyst-at-odixcity-consulting-4443721903,Document Analyst,Odixcity Consulting,posted,2026-07-23T17:07:04.322659,272
e6ff5f2fe8ca22b2,https://lr.linkedin.com/jobs/view/%E1%83%93%E1%83%98%E1%83%AF%E1%83%98%E1%83%A2%E1%83%90%E1%83%9A-%E1%83%A1%E1%83%94%E1%83%A0%E1%83%95%E1%83%98%E1%83%A1%E1%83%94%E1%83%91%E1%83%98%E1%83%A1-%E1%83%9D%E1%83%A4%E1%83%98%E1%83%AA%E1%83%94%E1%83%A0%E1%83%98-%E1%83%90%E1%83%AE%E1%83%90%E1%83%9A%E1%83%A5%E1%83%90%E1%83%9A%E1%83%90%E1%83%A5%E1%83%98-at-bank-of-georgia-4438747286,დიჯიტალ სერვისების ოფიცერი - ახალქალაქი,,scraped,2026-07-23T17:07:08.984289,
25b2ba8456246e8d,https://lr.linkedin.com/jobs/view/creative-writer-at-odixcity-consulting-4443734329,Creative writer,Odixcity Consulting,posted,2026-07-23T17:07:22.113458,274
140d46b6b74acbc7,https://lr.linkedin.com/jobs/view/production-at-tiresocks-europe-4443137820,Production,,scraped,2026-07-23T17:07:24.695634,
9461556992cc9682,https://lr.linkedin.com/jobs/view/react-js-frontend-software-engineer-remote-at-iotivata-4441014852,React.JS Frontend Software Engineer (Remote),,scraped,2026-07-23T17:07:32.152288,
7270150336658a46,https://lr.linkedin.com/jobs/view/quality-assurance-analyst-at-odixcity-consulting-4442725852,Quality Assurance Analyst,Odixcity Consulting,posted,2026-07-23T17:07:47.630470,276
3605576be7d674c8,https://lr.linkedin.com/jobs/view/production-managers-at-signature-tree-solutions-4442689850,PRODUCTION MANAGERS,Signature Tree Solutions,posted,2026-07-23T17:07:57.444149,278
849c2efffc60e292,https://lr.linkedin.com/jobs/view/taxi-drivers-at-bux-mont-transportation-services-co-4442514090,Taxi-Drivers,Bux-Mont Transportation Services Co,posted,2026-07-23T17:08:07.869963,280
c2481b74286e8554,https://lr.linkedin.com/jobs/view/tolko-at-isa-edmonton-section-4443741272,TOLKO,ISA Edmonton Section,posted,2026-07-23T17:08:19.243700,282
fd075cea48b4c755,https://lr.linkedin.com/jobs/view/exodus-at-xrp-ledger-community-4443922028,Exodus,XRP Ledger Community,posted,2026-07-23T17:08:29.165577,284
dc73f49ca231bb6f,https://lr.linkedin.com/jobs/view/insurance-claim-assessors-at-uhy-co-4443585722,Insurance Claim  Assessors,,scraped,2026-07-23T17:08:41.524231,
e6cefcb4600a2b3e,https://lr.linkedin.com/jobs/view/senior-superintendent-i-ventilation-engineer-at-ivanhoe-mines-4443846973,"Senior Superintendent I, Ventilation Engineer",,scraped,2026-07-23T17:08:49.599640,
1459988e65890539,https://lr.linkedin.com/jobs/view/production-artist-at-connecx-multimedia-4443147755,Production Artist,Connecx Multimedia,posted,2026-07-23T17:09:03.720938,286
bbee16f6eb20b441,https://lr.linkedin.com/jobs/view/sales-closer-at-stoddard-agency-4443351652,Sales Closer,Stoddard Agency,posted,2026-07-23T17:09:15.105547,288
2d5fa0154b14b614,https://lr.linkedin.com/jobs/view/blue-ocean-home-buyers-data-entry-specialist-real-estate-at-online-jobs-philippines-work-at-home-4443761536,BLUE OCEAN HOME BUYERS: DATA ENTRY SPECIALIST - REAL ESTATE,,scraped,2026-07-23T17:09:17.745009,
bb64fadb8198e832,https://lr.linkedin.com/jobs/view/account-executive-at-with-radio-inc-4441182531,Account Executive,With Radio Inc,posted,2026-07-23T17:09:28.831148,36
7644a31b003909d8,https://lr.linkedin.com/jobs/view/motor-homes-at-gulf-stream-coach-rv-4443934363,Motor Homes,Gulf Stream Coach RV,posted,2026-07-23T17:09:38.576522,290
f5e256a6b96dff83,https://lr.linkedin.com/jobs/view/community-mental-health-director-at-thompson-child-family-focus-a-child-s-place-program-4444203441,Community Mental Health Director,Thompson Child &amp; Family Focus - A Child's Place Program,posted,2026-07-23T17:09:47.625626,292
1510ee17acd6c7d1,https://lr.linkedin.com/jobs/view/a-i-content-reviewer-at-odixcity-consulting-4443720916,A.I Content Reviewer,Odixcity Consulting,posted,2026-07-23T17:09:55.870071,294
b05021e0b736d54a,https://lr.linkedin.com/jobs/view/printarmy-%D0%B4%D1%80%D1%83%D0%BA%D0%B0%D1%80%D0%BC%D1%96%D1%8F-at-volunteeringinukraine-4443548598,PrintArmy / ДрукАрмія,,scraped,2026-07-23T17:09:58.459221,
ce34ade50d74b7c9,https://lr.linkedin.com/jobs/view/legal-data-analyst-at-odixcity-consulting-4444252826,Legal Data Analyst,Odixcity Consulting,posted,2026-07-23T17:10:12.066937,296
f7ead4d100d08382,https://lr.linkedin.com/jobs/view/junior-executive-corporate-client-management-at-insureme-insurance-brokers-pvt-ltd-4443736345,Junior Executive - Corporate Client Management,,scraped,2026-07-23T17:10:14.575067,
7b1265f1cbecb3c1,https://lr.linkedin.com/jobs/view/deck-foreman-trainee-fallpipe-vessel-at-dredging-environmental-marine-engineering-nv-4442955998,DECK FOREMAN TRAINEE - FALLPIPE VESSEL,Dredging Environmental &amp; Marine Engineering NV,posted,2026-07-23T17:10:28.487289,298
578c46175061cf8f,https://lr.linkedin.com/jobs/view/a-i-trainer-at-odixcity-consulting-4444255742,A.I Trainer,Odixcity Consulting,posted,2026-07-23T17:10:36.550187,300
6b5b70596223d37f,https://lr.linkedin.com/jobs/view/operator-koparko-%C5%82adowarki-at-chem-glas-sp-z-o-o-sp-k-4443504012,Operator koparko-ładowarki,,scraped,2026-07-23T17:10:39.131227,
dae2c6777702afe8,https://lr.linkedin.com/jobs/view/stackelberg-games-at-bayan-studio-4442577541,Stackelberg Games,Bayan Studio,posted,2026-07-23T17:10:55.007002,302
0bed5c229f43e196,https://lr.linkedin.com/jobs/view/full-stack-engineer-annotator-at-odixcity-consulting-4442740234,Full stack Engineer Annotator,Odixcity Consulting,posted,2026-07-23T17:11:03.227268,304
1b0db0ebc7d19dad,https://lr.linkedin.com/jobs/view/mechanical-engineer-planner-at-internovi-b-v-4440782444,MECHANICAL ENGINEER / PLANNER,,scraped,2026-07-23T17:11:05.907216,
3c6fee50a4e8ea36,https://lr.linkedin.com/jobs/view/manager-health-services-at-prairie-mountain-health-4442196814,Manager Health Services,,scraped,2026-07-23T17:11:13.234880,
6b25d141a1e7307a,https://lr.linkedin.com/jobs/view/doctoral-position-at-the-institute-for-structural-analysis-at-german-association-for-computational-mechanics-gacm-4443770420,Doctoral Position at the Institute for Structural Analysis,,scraped,2026-07-23T17:11:20.438599,
b1246833f2fd7827,https://lr.linkedin.com/jobs/view/jls-trading-co-paid-intern-to-eccentric-millionaire-%40-fun-ecom-co-great-people-flexible-hours-at-online-jobs-philippines-work-at-home-4444297678,JLS TRADING CO.: PAID INTERN TO ECCENTRIC MILLIONAIRE @ FUN ECOM CO | GREAT PEOPLE & FLEXIBLE HOURS,,scraped,2026-07-23T17:11:28.735930,
771ed0fcae9bf8e4,https://lr.linkedin.com/jobs/view/corporate-english-trainer-at-gofluent-4443832146,Corporate English Trainer,,scraped,2026-07-23T17:11:35.057278,
f0ba6cad29808d04,https://lr.linkedin.com/jobs/view/european-prize-for-urban-public-space-2026-at-dp6-associates-4443745977,European Prize for Urban Public Space 2026,Dp6 Associates,posted,2026-07-23T17:11:49.681311,306
e5c4e4bfeddba6cc,https://lr.linkedin.com/jobs/view/designation-to-be-shared-soon-at-technid-solutions-4443792404,Designation - TO BE SHARED SOON,Technid Solutions,posted,2026-07-23T17:11:58.832511,308
ab959d25b2495e18,https://lr.linkedin.com/jobs/view/designation-to-be-shared-soon-at-technid-solutions-4443786593,Designation - TO BE SHARED SOON,Technid Solutions,scraped,2026-07-23T17:12:02.985169,
79f23167dfbc2054,https://lr.linkedin.com/jobs/view/designation-to-be-shared-soon-at-technid-solutions-4443900153,Designation - TO BE SHARED SOON,Technid Solutions,scraped,2026-07-23T17:12:07.085210,
a936fc73ca2bef6c,https://lr.linkedin.com/jobs/view/%E1%80%86%E1%80%B1%E1%80%B8%E1%80%9E%E1%80%84%E1%80%BA%E1%80%90%E1%80%94%E1%80%BA%E1%80%B8%E1%80%9E%E1%80%AC%E1%80%B8-%E1%81%81%E1%81%88-%E1%80%A6%E1%80%B8-%E1%80%9E%E1%80%B1%E1%80%86%E1%80%AF%E1%80%B6%E1%80%B8%E1%80%99%E1%80%BE%E1%80%AF%E1%80%A1%E1%80%90%E1%80%BD%E1%80%80%E1%80%BA-%E1%80%90%E1%80%AC%E1%80%9D%E1%80%94%E1%80%BA%E1%80%9B%E1%80%BE%E1%80%AD%E1%80%9E%E1%80%B0-%E1%80%9E%E1%80%AF%E1%80%B6%E1%80%B8%E1%80%A6%E1%80%B8%E1%80%A1%E1%80%AC%E1%80%B8-kndf-%E1%80%A1%E1%80%9B%E1%80%B1%E1%80%B8%E1%80%9A%E1%80%B0-at-spring-sprouts-4443810491,ဆေးသင်တန်းသား ၁၈ ဦး သေဆုံးမှုအတွက် တာဝန်ရှိသူ သုံးဦးအား KNDF အရေးယူ,Spring Sprouts,posted,2026-07-23T17:12:19.404627,310
68e3d0cdd169f4ea,https://lr.linkedin.com/jobs/view/class-2-hgv-driver-for-a-varied-role-at-premier-automotive-limited-premier-kia-premier-isuzu-4439639244,CLASS 2 HGV DRIVER FOR A VARIED ROLE,,scraped,2026-07-23T17:12:21.822601,
a11a774b89a4d273,https://lr.linkedin.com/jobs/view/home-care-scheduling-clerk-clerk-iii-at-prairie-mountain-health-4444225918,Home Care Scheduling Clerk (Clerk III),,scraped,2026-07-23T17:12:42.327271,
d33a89464b468b3b,https://lr.linkedin.com/jobs/view/industrial-engineer-at-perry-ellis-international-4442940095,Industrial Engineer,Perry Ellis International,posted,2026-07-23T17:12:58.005666,312
796f4aa5268d9f8d,https://lr.linkedin.com/jobs/view/artisan-rigger-at-ivanhoe-mines-4443862738,Artisan Rigger,,scraped,2026-07-25T15:51:04.207347,
ffb4bbccca24e50c,https://lr.linkedin.com/jobs/view/production-worker-at-people-against-domestic-and-sexual-abuse-of-jefferson-county-4443952462,Production Worker,PEOPLE AGAINST DOMESTIC AND SEXUAL ABUSE OF JEFFERSON COUNTY,posted,2026-07-25T15:51:31.995852,314
11ee3e4b6991800e,https://lr.linkedin.com/jobs/view/laid-off-so-pipefitting%3F-at-something-awful-4441843381,Laid Off.....so Pipefitting?,Something Awful,posted,2026-07-25T15:51:41.549517,316
6e56dc6b1da2a234,https://lr.linkedin.com/jobs/view/the-holly-tree-winter-solstice-and-a-mistle-thrush-at-edge-of-the-hedge-4444935267,"The Holly Tree, Winter Solstice and a Mistle Thrush",Edge of the Hedge,posted,2026-07-25T15:51:53.981831,318
2828c802705565a0,https://lr.linkedin.com/jobs/view/cryptopix-at-intersowa-4441573948,Cryptopix,InterSowa,posted,2026-07-25T15:52:03.148833,320
9e43ecc9e814d1df,https://lr.linkedin.com/jobs/view/it-is-my-first-time-to-visit-what-should-i-do%3F-at-jewish-jobs-4444483393,It is my first time to visit. What should I do?,Jewish Jobs,posted,2026-07-25T15:52:16.908469,322
1e5be5aaa82ea67f,https://lr.linkedin.com/jobs/view/graduate-student-library-assistant-digital-production-at-university-of-tennessee-libraries-4441083722,Graduate Student Library Assistant - Digital Production,University of Tennessee Libraries,posted,2026-07-25T15:52:29.122384,324
d9a7d5d71616fc97,https://lr.linkedin.com/jobs/view/%E7%AE%A1%E7%90%86%E6%A0%84%E9%A4%8A%E5%A3%AB%EF%BC%88%E6%AD%A3%E8%81%B7%E5%93%A1%EF%BC%89-at-%EF%BC%88%E5%8C%BB%EF%BC%89%E6%84%9B%E6%AD%A3%E4%BC%9A-4443123195,管理栄養士（正職員）,（医）愛正会,failed|wp_post_failed,2026-07-25T15:52:37.057267,
2e2d99f6f83ebf84,https://lr.linkedin.com/jobs/view/a-i-policy-reviewer-at-odixcity-consulting-4443091492,A.I Policy Reviewer,Odixcity Consulting,posted,2026-07-25T15:52:44.387379,326
168ffad9f56ca576,https://lr.linkedin.com/jobs/view/web-analytics-specialist-at-odixcity-consulting-4444900113,Web Analytics Specialist,Odixcity Consulting,posted,2026-07-25T15:52:51.930793,328
35f1adb2fe13db8b,https://lr.linkedin.com/jobs/view/corporate-english-trainer-at-gofluent-4441094730,Corporate English Trainer,,scraped,2026-07-25T15:52:56.529676,
d966a284d14627f5,https://lr.linkedin.com/jobs/view/risk-analyst-at-odixcity-consulting-4444783922,Risk Analyst,Odixcity Consulting,posted,2026-07-25T15:53:09.904338,330
529a02eb720ad749,https://lr.linkedin.com/jobs/view/executive-connection-planning-at-wpp-media-4444908826,Executive Connection Planning,WPP Media,posted,2026-07-25T15:53:20.817474,332
0754d467597adb3b,https://lr.linkedin.com/jobs/view/%E5%92%AC%E4%B8%80%E5%8F%A3%E5%B0%8F%E5%A5%88%E6%A8%B1-%E7%99%BD%E8%89%B2%E5%86%85%E8%A1%A3-at-daly-creek-winery-bistro-4441882776,咬一口小奈樱-白色内衣,Daly Creek Winery &amp; Bistro,posted,2026-07-25T15:53:36.937182,334
b5a56c8dfd89c619,https://lr.linkedin.com/jobs/view/dynamics-365-business-central-specialist-at-itopia-corporation-4442909675,Dynamics 365 Business Central Specialist,,scraped,2026-07-25T15:53:39.549458,
bd2d2271a2ba5138,https://lr.linkedin.com/jobs/view/commonwealth-association-of-architects-2026-awards-environmental-impact-social-impact-lifetime-achievement-award-at-dp6-associates-4443763135,"Commonwealth Association of Architects 2026 Awards: Environmental Impact, Social Impact & Lifetime Achievement Award",Dp6 Associates,posted,2026-07-25T15:53:51.914934,336
94888713b2286414,https://lr.linkedin.com/jobs/view/r2026106244-box-office-assistant-game-day-open-at-colorado-state-university-environmental-learning-center-4444665080,R2026106244 Box Office Assistant-Game Day (Open),Colorado State University Environmental Learning Center,posted,2026-07-25T15:54:01.345749,338
eb90463de02bc210,https://lr.linkedin.com/jobs/view/chief-surveyor-at-dredging-environmental-marine-engineering-nv-4442980083,CHIEF SURVEYOR,Dredging Environmental &amp; Marine Engineering NV,posted,2026-07-25T15:54:09.808927,340
2a051156479c9716,https://lr.linkedin.com/jobs/view/%E5%95%86%E5%8A%A1bd%EF%BC%88%E5%8F%AF%E8%BF%9C%E7%A8%8B-at-web3-4444672631,商务BD（可远程,,scraped,2026-07-25T15:54:12.335970,
60a533a9db2a7a45,https://lr.linkedin.com/jobs/view/%E8%AF%9A%E8%81%98cto-%E6%8A%80%E6%9C%AF%E6%80%BB%E7%9B%91-%E7%BB%8F%E7%90%86%E7%BB%8F%E9%AA%8C%E4%B8%8D%E9%99%90-at-%E6%B9%96%E5%8C%97%E7%BA%A2%E7%BD%91%E7%BD%91%E7%BB%9C%E7%A7%91%E6%8A%80%E6%9C%89%E9%99%90%E5%85%AC%E5%8F%B8-4442977827,诚聘CTO/技术总监/经理经验不限,湖北红网网络科技有限公司,posted,2026-07-25T15:54:24.739780,342
ba4e84516ae704f2,https://lr.linkedin.com/jobs/view/curator-freelance-revenue-share-only-at-sofar-sounds-4442210385,"Curator (freelance, revenue share only)",Sofar Sounds,posted,2026-07-25T15:54:33.328323,344
768eba37ef5167b8,https://lr.linkedin.com/jobs/view/rlhf-specialist-at-odixcity-consulting-4444272076,RLHF Specialist,Odixcity Consulting,posted,2026-07-25T15:54:41.024715,346
07d7634cae660b8b,https://lr.linkedin.com/jobs/view/building-development-at-us-gove-4445920704,Building & Development,US Gove,posted,2026-07-27T18:02:47.799403,348
16b9f88114e68887,https://lr.linkedin.com/jobs/view/a-great-place-to-eat%E2%80%A6-an-even-better-place-to-work%21-at-corky-s-arkansas-4445649937,A GREAT PLACE TO EAT… AN EVEN BETTER PLACE TO WORK!,Corky's Arkansas,posted,2026-07-27T18:02:56.602627,350
21c9e26fa612a785,https://lr.linkedin.com/jobs/view/duo-at-nidup-4445628770,Duo,nidup,posted,2026-07-27T18:03:10.723270,352
0510e250b3656a13,https://lr.linkedin.com/jobs/view/production%0A-operations-at-pella-chicagoland-4442811586,"Production
& Operations",Pella Chicagoland,posted,2026-07-27T18:03:19.297332,354
1cb41688075a7a34,https://lr.linkedin.com/jobs/view/team-offsites-workshops-at-impact-leadership-collective-4445125687,Team Offsites & Workshops,Impact Leadership Collective,posted,2026-07-27T18:03:32.932478,356
d16f95c64df50141,https://lr.linkedin.com/jobs/view/sweeper-at-fxprod-4445641396,SWEEPER,,scraped,2026-07-27T18:03:35.212578,
4249fb736982793e,https://lr.linkedin.com/jobs/view/administrative-assistant-with-hr-emphasis-at-pololu-corp-4442381116,Administrative Assistant with HR Emphasis,Pololu Corp,posted,2026-07-27T18:03:48.003187,358
384520fa7a8a2a1d,https://lr.linkedin.com/jobs/view/script-writer-at-odixcity-consulting-4445652683,Script writer,Odixcity Consulting,posted,2026-07-27T18:03:57.479339,360
915fac881af570ee,https://lr.linkedin.com/jobs/view/%E6%96%B0%E5%8D%92%E6%8E%A1%E7%94%A8-at-%E8%8A%9D%E6%9C%AC%E7%94%A3%E6%A5%AD%EF%BC%88%E6%A0%AA%EF%BC%89-4441833698,新卒採用,芝本産業（株）,failed|wp_post_failed,2026-07-27T18:04:03.457725,
cf2d4a27f4a80269,https://lr.linkedin.com/jobs/view/production-manager-acatari-mures-county-at-nrg-cables-4445130525,"Production manager - Acatari, Mures county",,scraped,2026-07-27T18:04:05.872616,
f8b48a3f13d8091a,https://lr.linkedin.com/jobs/view/watercolor-batik-with-diane-at-region-2-arts-council-4442363779,Watercolor Batik with Diane,REGION 2 ARTS COUNCIL,posted,2026-07-27T18:04:19.533485,362
944feea65a781d00,https://lr.linkedin.com/jobs/view/bull-bitcoin-at-bitcoin-dev-kit-4441061840,Bull Bitcoin,Bitcoin Dev Kit,posted,2026-07-27T18:04:28.683275,364
e2fc82d77cf795d1,https://lr.linkedin.com/jobs/view/oferta-de-colaboraci%C3%B3n-profesional-enfermer%C3%ADa-para-programa-comunitario-de-salud-sexual-vih-e-its-at-ong-adhara-salud-sexual-4443933124,"OFERTA DE COLABORACIÓN PROFESIONAL: ENFERMERÍA PARA PROGRAMA COMUNITARIO DE SALUD SEXUAL, VIH E ITS",,scraped,2026-07-27T18:04:33.235724,
2c516f6dbea1f3b8,https://lr.linkedin.com/jobs/view/it-infrastructure-manager-at-odixcity-consulting-4444271340,IT Infrastructure Manager,Odixcity Consulting,posted,2026-07-27T18:04:45.736930,366
7ca6457b815d278a,https://lr.linkedin.com/jobs/view/software-developer-at-hunt-remotely-4444884138,Software Developer,Hunt Remotely,posted,2026-07-27T18:04:54.508885,368
ddc98dce5e127b55,https://lr.linkedin.com/jobs/view/boatswain-on-bulk-carrier-at-bark-marine-agency-4444854284,Boatswain on Bulk Carrier,,scraped,2026-07-27T18:05:01.087648,
9c8e74817f872aff,https://lr.linkedin.com/jobs/view/%E6%AD%A3%E7%A4%BE%E5%93%A1-%E3%80%90%E5%B7%9D%E5%8F%A3%E5%96%B6%E6%A5%AD%E6%89%80%E3%80%91%E7%89%A9%E6%B5%81%E5%80%89%E5%BA%AB%E7%8F%BE%E5%A0%B4%E3%81%AB%E3%81%8A%E3%81%91%E3%82%8B%E3%83%97%E3%83%AD%E3%82%B8%E3%82%A7%E3%82%AF%E3%83%88%E3%83%9E%E3%83%8D%E3%82%B8%E3%83%A3%E3%83%BC-at-%E4%B8%AD%E5%A4%AE%E6%A0%AA%E5%BC%8F%E4%BC%9A%E7%A4%BE-4444464238,(正社員)【川口営業所】物流倉庫現場におけるプロジェクトマネジャー,,scraped,2026-07-27T18:05:07.520757,
7a953c4f3216da8e,https://lr.linkedin.com/jobs/view/content-strategist-at-monstrum-4443919756,CONTENT STRATEGIST,,scraped,2026-07-27T18:05:15.066521,
f2c086e9a5e7207b,https://lr.linkedin.com/jobs/view/ordinary-seaman-on-bulk-carrier-at-bark-marine-agency-4444856306,Ordinary Seaman on Bulk Carrier,,scraped,2026-07-27T18:05:22.994566,
4ac4eaf0d69f098e,https://lr.linkedin.com/jobs/view/oiler-on-bulk-carrier-at-bark-marine-agency-4444870222,Oiler on Bulk Carrier,,scraped,2026-07-27T18:05:31.116819,
a2f62795ae948c06,https://lr.linkedin.com/jobs/view/solar91-cleantech-sme-at-ipobase-4444659992,Solar91 Cleantech SME,ipoBase,posted,2026-07-27T18:05:43.711688,370
c413dcf546298b1a,https://lr.linkedin.com/jobs/view/marketing-executive-security-guard-job-at-shawal-group-4444266230,Marketing Executive & Security Guard Job,,scraped,2026-07-27T18:05:46.365852,
deff4986592c6ee2,https://lr.linkedin.com/jobs/view/specialist-process-scm-at-globe-24-7-4445956483,Specialist - Process - SCM,,scraped,2026-07-27T18:05:55.301442,
69e0c19773986086,https://lr.linkedin.com/jobs/view/%E4%BA%9A%E6%B4%B2%E5%A5%B3%E5%AD%A9%E5%8F%A3%E6%B2%BF%E7%96%AF%E7%8B%82%E7%9A%84%E6%80%A7%E7%88%B1%E5%9C%BA%E6%99%AF-at-daly-creek-winery-bistro-4442342722,亚洲女孩口沿疯狂的性爱场景,Daly Creek Winery &amp; Bistro,failed|wp_post_failed,2026-07-27T18:06:05.670032,
2982c8cfe352871e,https://lr.linkedin.com/jobs/view/%E5%8F%8C%E8%AF%AD%E5%AE%A2%E6%9C%8D%E4%B8%BB%E7%AE%A1-at-imf-ingenieurgesellschaft-meinhardt-fulst-gmbh-4444674585,双语客服主管,,scraped,2026-07-27T18:06:08.322367,
94db2196e3945fba,https://lr.linkedin.com/jobs/view/technical-assistance-for-developing-hrh-strategy-life-save-analysis-rssh-project-birch-liberia-at-last-mile-health-4441077333,Technical Assistance for developing HRH Strategy Life Save Analysis RSSH Project BIRCH (Liberia),,scraped,2026-07-27T18:06:15.795012,
94d4622a14ac5982,https://lr.linkedin.com/jobs/view/free-at-thrive-together-homeschool-4445614175,Free,Thrive Together Homeschool,posted,2026-07-29T16:55:19.401728,372
d8f09ecfb751e728,https://lr.linkedin.com/jobs/view/superintendent-iii-mining-best-practice-at-ivanhoe-mines-4444039999,"Superintendent III, Mining Best Practice",,scraped,2026-07-29T16:55:23.984063,
6630fb2909ef28ae,https://lr.linkedin.com/jobs/view/cna-at-pikes-peak-post-acute-4444245390,CNA,Pikes Peak Post Acute,posted,2026-07-29T16:55:35.670195,44
9a478f163e49818f,https://lr.linkedin.com/jobs/view/vaga-para-caixa-auxiliar-de-loja-na-tommy-hilfiger-at-parkshopping-canoas-4443481997,Vaga para Caixa / Auxiliar de Loja na Tommy Hilfiger,,scraped,2026-07-29T16:55:38.244132,
ccfad98957dd20fb,https://lr.linkedin.com/jobs/view/%E4%B8%8D%E5%8B%95%E7%94%A2%E7%87%9F%E6%A5%AD%E5%93%A1-at-%E4%BD%8F%E5%95%86%E4%B8%8D%E5%8B%95%E7%94%A2-4446593009,不動產營業員,,scraped,2026-07-29T16:55:47.016589,
39e9a6de84838acd,https://lr.linkedin.com/jobs/view/illustrator-at-odixcity-consulting-4444792376,Illustrator,Odixcity Consulting,posted,2026-07-29T16:56:01.790301,374
9c00e5da8fe4dcf5,https://lr.linkedin.com/jobs/view/business-office-manager-at-pikes-peak-post-acute-4446156847,Business Office Manager,Pikes Peak Post Acute,posted,2026-07-29T16:56:11.105917,376
5b3a10aefe0181f5,https://lr.linkedin.com/jobs/view/rooftop-host-seasonal-at-arlo-hotels-4445455957,Rooftop Host (Seasonal),Arlo Hotels,posted,2026-07-29T16:56:15.690676,130
2d062a767ca72a91,https://lr.linkedin.com/jobs/view/brand-designer-at-odixcity-consulting-4446535768,Brand designer,Odixcity Consulting,posted,2026-07-29T16:56:23.507252,378
f190d10b6f034dc7,https://lr.linkedin.com/jobs/view/the-page-you-are-looking-for-is-not-found-at-twoblockai-4445369363,THE PAGE YOU ARE LOOKING FOR IS NOT FOUND,,scraped,2026-07-29T16:56:30.157438,
1f78d55dbad2ea24,https://lr.linkedin.com/jobs/view/engineer-trackless-mobile-machinery-at-ivanhoe-mines-4443849905,"Engineer, Trackless Mobile Machinery",,scraped,2026-07-29T16:56:36.733001,
83c8a6b5178b163f,https://lr.linkedin.com/jobs/view/boat-imagine-marketing-at-ipobase-4444674045,Boat/Imagine Marketing,ipoBase,posted,2026-07-29T16:56:54.301128,380
657a6ea2de8978a6,https://lr.linkedin.com/jobs/view/charlie-at-biflorica-4446588482,Charlie,BiFlorica,posted,2026-07-29T16:57:08.550747,382
15fcb8d025ba9fbb,https://lr.linkedin.com/jobs/view/sulphite-paper-at-grifagem-j-pedro-4446361577,SULPHITE PAPER,Grifagem J. Pedro,posted,2026-07-29T16:57:23.877771,384
c112d73753a1fcfe,https://lr.linkedin.com/jobs/view/kaizer-at-biflorica-4446584787,Kaizer,BiFlorica,posted,2026-07-29T16:57:34.147861,386
efe8e91403099931,https://lr.linkedin.com/jobs/view/family-centers-at-care-4446070771,Family Centers,CARE,posted,2026-07-29T16:57:42.861774,388
aa327c462b1347ac,https://lr.linkedin.com/jobs/view/nina-gee-at-hush-management-4446127297,NINA GEE,,scraped,2026-07-29T16:57:45.397371,
28b3923e571d0ee5,https://lr.linkedin.com/jobs/view/hme-workshop-lead-at-globe-24-7-4446586927,HME Workshop Lead,,scraped,2026-07-29T16:57:56.196105,
e42fa5b23da87f95,https://lr.linkedin.com/jobs/view/port-bulk-handling-terminal-manager-at-globe-24-7-4444927031,Port Bulk Handling Terminal Manager,,scraped,2026-07-29T16:58:05.131023,
a209d37755d89701,https://lr.linkedin.com/jobs/view/clinical-lead-orthotist-at-betsi-cadwaladr-university-health-board-4446817469,Clinical Lead Orthotist,,scraped,2026-07-29T16:58:15.783934,
2570155d0dcaa3e0,https://lr.linkedin.com/jobs/view/sachbearbeiter-f%C3%BCr-den-bereich-genehmigungsservice-und-streckenausbau-der-verkehrslenkenden-ma%C3%9Fnahmen-m-w-d-at-slt-unternehmen-4444658502,Sachbearbeiter für den Bereich Genehmigungsservice und Streckenausbau der verkehrslenkenden Maßnahmen (m/w/d),,scraped,2026-07-29T16:58:22.849842,
8a9022a2e3ff536b,https://lr.linkedin.com/jobs/view/cms-developer-at-odixcity-consulting-4445660565,CMS Developer,Odixcity Consulting,posted,2026-07-29T16:58:37.031138,390
fecc423f4152d43b,https://lr.linkedin.com/jobs/view/security-engineer-annotator-at-odixcity-consulting-4445602067,Security Engineer Annotator,Odixcity Consulting,posted,2026-07-29T16:58:45.440819,392
ae3f9a9a33a856c6,https://lr.linkedin.com/jobs/view/lead-fuel-management-buchanan-at-globe-24-7-4445968371,Lead Fuel Management Buchanan,,scraped,2026-07-29T16:58:47.987988,
086bfd119d5e0aa3,https://lr.linkedin.com/jobs/view/staffing-clerk-at-prairie-mountain-health-4446524214,Staffing Clerk,,scraped,2026-07-29T16:59:02.758873,
0f3c7db3f07372fa,https://lr.linkedin.com/jobs/view/operator-azvul-zavodu-at-azerlime-llc-4444497388,Operator (Azvul Zavodu),,scraped,2026-07-29T16:59:13.798508,
f1dde96301d93632,https://lr.linkedin.com/jobs/view/prompt-rating-for-global-languages-at-falcon-tts-4446498514,Prompt Rating for Global Languages,FALCON TTS,posted,2026-07-31T17:14:15.474374,216
cbf1ad59cf49f963,https://lr.linkedin.com/jobs/view/living-dna-at-igenea-4447541515,Living DNA,,scraped,2026-07-31T17:14:19.986838,
1eb16dd3ae8dc238,https://lr.linkedin.com/jobs/view/learning-and-development-manager-at-odixcity-consulting-4446532853,Learning and development manager,Odixcity Consulting,posted,2026-07-31T17:14:34.707151,394
8823d986ce857a23,https://lr.linkedin.com/jobs/view/eric-vanderwal-at-canadian-association-of-rallysport-4447252737,Eric Vanderwal,,scraped,2026-07-31T17:14:37.256429,
a469adafe85d483d,https://lr.linkedin.com/jobs/view/eric-vlasic-at-canadian-association-of-rallysport-4447237927,Eric Vlasic,,scraped,2026-07-31T17:14:43.865783,
0dcbaf7fd73fdc62,https://lr.linkedin.com/jobs/view/eric-dufour-at-canadian-association-of-rallysport-4447251780,Eric Dufour,,scraped,2026-07-31T17:14:50.168407,
88537152c688311a,https://lr.linkedin.com/jobs/view/nr-4-wie-ver%C3%A4nderungen-wirklich-gelingen-at-gesund-erfolgreich-podcast-4442890834,Nr. 4 - Wie Veränderungen wirklich gelingen,GESUND ERFOLGREICH Podcast,posted,2026-07-31T17:15:04.246979,396
93028710f2ddf677,https://lr.linkedin.com/jobs/view/operator-azvul-zavodu-at-azerlime-llc-4447051038,Operator (Azvul Zavodu),,scraped,2026-07-31T17:15:06.830012,
db2c32c5ca824765,https://lr.linkedin.com/jobs/view/able-seaman-on-bulk-carrier-at-bark-marine-agency-4444855305,Able Seaman on Bulk Carrier,,scraped,2026-07-31T17:15:13.033908,
95fcb560d9313184,https://lr.linkedin.com/jobs/view/eric-ewert-at-canadian-association-of-rallysport-4447253756,Eric Ewert,,scraped,2026-07-31T17:15:19.235277,
411f381b3b3cbe61,https://lr.linkedin.com/jobs/view/eric-pehota-at-canadian-association-of-rallysport-4447244844,Eric Pehota,,scraped,2026-07-31T17:15:25.698451,
8638d4dc54e3d996,https://lr.linkedin.com/jobs/view/payroll-training-at-sabnam-exports-4444860234,Payroll Training,Sabnam Exports,posted,2026-07-31T17:15:40.523376,398
b23208c3752318f9,https://lr.linkedin.com/jobs/view/assistant-manager-strategic-management-at-great-eastern-4446984824,"Assistant Manager, Strategic Management",,scraped,2026-07-31T17:15:43.151886,
a2d42444a9624b56,https://lr.linkedin.com/jobs/view/event-production-technician-at-malloy-events-4446171970,Event Production Technician,Malloy Events,posted,2026-07-31T17:16:00.724611,400
398f01f932ff5cbf,https://lr.linkedin.com/jobs/view/manager-mle-kmc-consultant-at-evidence-action-4443275886,"Manager, MLE, KMC Consultant",Evidence Action,posted,2026-07-31T17:16:09.636415,402
b3707eccb3bdbda9,https://lr.linkedin.com/jobs/view/bossenanalyse-ndff-data-flevoland-at-dactylis-4444870328,Bossenanalyse NDFF-data Flevoland,,scraped,2026-07-31T17:16:12.139217,
5157c39679214fc6,https://lr.linkedin.com/jobs/view/%E3%83%9B%E3%83%AF%E3%82%A4%E3%83%88%E3%82%B0%E3%83%A9%E3%83%83%E3%82%B7%E3%83%BC%E3%82%BA-%E5%8E%9F%E5%8F%A3-%E6%9A%A2%E4%B9%8B-%E9%9D%A2%E8%AB%87%E6%9E%A0-at-one-career-plus-4446170973,ホワイトグラッシーズ 原口 暢之 面談枠,ONE CAREER PLUS,failed|wp_post_failed,2026-07-31T17:16:22.243640,
a2fab096a310a9eb,https://lr.linkedin.com/jobs/view/tuy%E1%BB%83n-k%E1%BA%BF-to%C3%A1n-b%C3%A1n-h%C3%A0ng-l%C6%B0%C6%A1ng-6-tri%E1%BB%87u-%2B-th%C6%B0%E1%BB%9Fng-kpi-at-c%C3%B4ng-ty-c%E1%BB%95-ph%E1%BA%A7n-t%C6%B0-v%E1%BA%A5n-x%C3%A2y-d%E1%BB%B1ng-s%C6%A1n-h%C3%A0-4445790227,Tuyển kế toán bán hàng lương 6 triệu + thưởng KPI,Công ty Cổ phần Tư vấn Xây dựng Sơn Hà,posted,2026-07-31T17:16:31.320992,404
18956d3b7c258c94,https://lr.linkedin.com/jobs/view/%E3%83%9E%E3%83%BC%E3%82%B1%E3%83%86%E3%82%A3%E3%83%B3%E3%82%B0%E3%82%B3%E3%83%B3%E3%82%B5%E3%83%AB%E3%82%BF%E3%83%B3%E3%83%88-%E3%82%BB%E3%83%BC%E3%83%AB%E3%82%B9%E3%83%9E%E3%83%8D%E3%82%B8%E3%83%A1%E3%83%B3%E3%83%88%E3%82%B3%E3%83%B3%E3%82%B5%E3%83%AB%E3%82%BF%E3%83%B3%E3%83%88-%E3%82%AB%E3%82%B9%E3%82%BF%E3%83%9E%E3%83%BC%E3%82%B5%E3%83%BC%E3%83%93%E3%82%B9%E3%82%B3%E3%83%B3%E3%82%B5%E3%83%AB-at-one-career-plus-4445655432,マーケティングコンサルタント/セールスマネジメントコンサルタント/カスタマーサービスコンサル,ONE CAREER PLUS,posted,2026-07-31T17:16:40.236371,406
1475628cbd298faa,https://lr.linkedin.com/jobs/view/graphic-designer-at-funnel-flow-4445744426,Graphic Designer,Funnel Flow,posted,2026-07-31T17:16:51.156526,408
de1cf8271d629006,https://lr.linkedin.com/jobs/view/senior-transformation-manager-at-national-grid-4446896822,Senior Transformation Manager,,scraped,2026-07-31T17:16:53.916020,
f409e888b3f45c2e,https://lr.linkedin.com/jobs/view/https-moijoburg-co-za-upload-photo-at-museum-of-illusions-south-africa-4446889972,https://moijoburg.co.za/upload-photo/,Museum of Illusions South Africa,posted,2026-07-31T17:17:18.667265,410
f242e5c2b95a95e8,https://lr.linkedin.com/jobs/view/%E5%BA%97%E9%95%B7-at-%E4%BD%8F%E5%95%86%E4%B8%8D%E5%8B%95%E7%94%A2-4446581581,店長,,scraped,2026-07-31T17:17:23.212379,
da4763e414d075bb,https://lr.linkedin.com/jobs/view/field-care-manager-nurse-at-nurseremotely-4446440791,Field Care Manager Nurse,NurseRemotely,posted,2026-07-31T17:17:38.041048,412
a4604dbcae88d465,https://lr.linkedin.com/jobs/view/eric-lachance-at-canadian-association-of-rallysport-4447247803,Eric Lachance,,scraped,2026-07-31T17:17:44.856335,
6ca3c0691c654c8f,https://lr.linkedin.com/jobs/view/ua-manager-core-meta-at-social-discovery-group-4444140296,"UA Manager (Core, Meta)",,scraped,2026-07-31T17:17:51.255465,
aba6a7f1ad8f2450,https://lr.linkedin.com/jobs/view/eric-losier-at-canadian-association-of-rallysport-4447246838,Eric Losier,,scraped,2026-07-31T17:18:00.884733,
69ac28ee8c99f31c,https://lr.linkedin.com/jobs/view/chief-engineer-on-bulk-carrier-at-bark-marine-agency-4444849289,Chief Engineer on Bulk Carrier,,scraped,2026-07-31T17:18:09.167288,
7035e896c3522abd,https://lr.linkedin.com/jobs/view/vice-president-client-services-india-at-wpp-media-4442850498,"Vice President, Client Services, India",WPP Media,posted,2026-07-31T17:18:23.592222,414
f2842a3691619477,https://lr.linkedin.com/jobs/view/devops-engineer-annotator-at-odixcity-consulting-4445302109,Devops Engineer Annotator,Odixcity Consulting,posted,2026-07-31T17:18:31.425761,416
4de5bcf6d2c2c05f,https://lr.linkedin.com/jobs/view/navigating-india-s-penal-code-reforms-at-ebc-learning-4442876319,Navigating India's Penal Code Reforms,,scraped,2026-07-31T17:18:34.027112,
b8fb6879715607b6,https://lr.linkedin.com/jobs/view/engineering-management-at-robert-walters-4446784831,Engineering Management,Robert Walters,posted,2026-07-31T17:18:55.361314,418
883c10c75be020b6,https://lr.linkedin.com/jobs/view/senior-enterprise-ai-productivity-specialist-at-hunt-remotely-4445741683,Senior Enterprise AI Productivity Specialist,Hunt Remotely,posted,2026-07-31T17:19:04.721993,420
b0eefd716bb3dd78,https://lr.linkedin.com/jobs/view/technical-manager-at-inland-corporation-4445745361,Technical Manager,Inland Corporation,posted,2026-07-31T17:19:13.602479,422
1e5ec81f21680430,https://lr.linkedin.com/jobs/view/implementation-activation-coordinator-at-wpp-media-4445093637,Implementation & Activation Coordinator,WPP Media,posted,2026-07-31T17:19:24.716206,424
92eeab319b49446e,https://lr.linkedin.com/jobs/view/g-w-lisk-at-clifton-springs-library-4447478174,G.W. Lisk,Clifton Springs Library,posted,2026-08-01T15:44:17.660313,426
dbe65208362f6ed8,https://lr.linkedin.com/jobs/view/larissa-tavender-at-platinum-accounting-services-ltd-4447456920,Larissa Tavender,,scraped,2026-08-01T15:44:20.110565,
2eb68baaa21ca185,https://lr.linkedin.com/jobs/view/proposal-writer-at-chumi-work-4447797624,Proposal Writer,chumi.work,posted,2026-08-01T15:44:39.562506,428
24fdb077eaeed257,https://lr.linkedin.com/jobs/view/utility-production-worker-at-scotia-investments-a-family-of-companies-4445083522,Utility Production Worker,Scotia Investments - A Family of Companies,posted,2026-08-01T15:44:52.089572,430
56679ecd3e93be9c,https://lr.linkedin.com/jobs/view/kevin-sharp-at-denon-doyle-entertainment-group-4447582238,Kevin Sharp,Denon &amp; Doyle Entertainment Group,posted,2026-08-01T15:45:01.415567,432
fa061495d4cbc33c,https://lr.linkedin.com/jobs/view/eric-stodt-at-canadian-association-of-rallysport-4447247805,Eric Stodt,,scraped,2026-08-01T15:45:03.972438,
928d52e2fa32fb57,https://lr.linkedin.com/jobs/view/eric-grochowski-at-canadian-association-of-rallysport-4447255787,Eric Grochowski,,scraped,2026-08-01T15:45:10.877832,
dc4239fb4ecfb21c,https://lr.linkedin.com/jobs/view/nature%E2%80%99s-essentials-collagen-rx-120-tablets-at-netnutri-4445597019,Nature’s Essentials Collagen-Rx 120 Tablets,NetNutri,posted,2026-08-01T15:45:24.386974,434
353f37fe674e3b6a,https://lr.linkedin.com/jobs/view/%E5%95%86%E5%8A%A1bd%EF%BC%88%E5%8F%AF%E8%BF%9C%E7%A8%8B-at-web3-4446777538,商务BD（可远程,,scraped,2026-08-01T15:45:26.866895,
1c868ef85de277d3,https://lr.linkedin.com/jobs/view/child-welfare-manager-ii-helps-program-at-credit-bureau-of-vernon-county-4445740952,Child Welfare Manager II - HELPS PROGRAM*,Credit Bureau Of Vernon County,posted,2026-08-01T15:45:41.643879,436
d1159a9be69759e9,https://lr.linkedin.com/jobs/view/company-route-administrative-assistant-at-boar-s-head-brand-4446119796,Company Route Administrative Assistant,Boar's Head Brand,posted,2026-08-01T15:45:51.756861,438
00756da9d21b0665,https://lr.linkedin.com/jobs/view/%E5%8D%B0%E5%B0%BC%E5%95%86%E5%8A%A1%E7%BB%8F%E7%90%86-at-web3-4447145713,印尼商务经理,,scraped,2026-08-01T15:45:54.242707,
182ab4f1d98d1941,https://lr.linkedin.com/jobs/view/video-producer-at-infinisource-consulting-solutions-inc-4447780958,Video Producer*,"InfiniSource Consulting Solutions, Inc.",posted,2026-08-01T15:46:08.491571,440
4469047689cc2a70,https://lr.linkedin.com/jobs/view/hvacr-tech-zone-4-at-auburn-chamber-4446194025,HVACR Tech (Zone 4),Auburn Chamber,posted,2026-08-01T15:46:18.291243,442
8cc8d866876681b5,https://lr.linkedin.com/jobs/view/account-executive-at-sethi-brothers-inc-liberia-4444532965,Account Executive,"Sethi Brothers Inc., Liberia",posted,2026-08-01T15:46:24.338973,36
9aa9be531e8edb16,https://lr.linkedin.com/jobs/view/community-peace-officer-sergeant-at-city-of-leduc-4444197593,Community Peace Officer Sergeant,,scraped,2026-08-01T15:46:26.845471,
dba1a88e5e07b247,https://lr.linkedin.com/jobs/view/specialist-%E2%80%93-process-scm-at-globe-24-7-4445961505,Specialist – Process - SCM,,scraped,2026-08-01T15:46:33.221784,
495d9119176cc88f,https://lr.linkedin.com/jobs/view/administrative-clerk-4447508249,Administrative Clerk,A. M. E Zion University Liberia,posted,2026-08-01T15:46:45.527335,444
6d9194e21f1f4682,https://lr.linkedin.com/jobs/view/service-engineer-at-aegir-marine-latinoam%C3%A9rica-4447411770,Service Engineer,AEGIR-Marine Latinoamérica,posted,2026-08-01T15:47:03.173313,446
7680af00be16bce6,https://lr.linkedin.com/jobs/view/manager-health-services-at-prairie-mountain-health-4447229788,Manager Health Services,,scraped,2026-08-01T15:47:05.855262,
95b8bd35cb81c6c4,https://lr.linkedin.com/jobs/view/veldprojecten-2021-at-dactylis-4444852390,Veldprojecten 2021,,scraped,2026-08-01T15:47:12.871900,
cf97bb971fc04081,https://lr.linkedin.com/jobs/view/%D0%B8%D0%BD%D0%B6%D0%B5%D0%BD%D0%B5%D1%80%D0%B0-%D0%BF%D1%80%D0%BE%D0%B5%D0%BA%D1%82%D0%B8%D1%80%D0%BE%D0%B2%D1%89%D0%B8%D0%BA%D0%B0-at-prolog-group-russia-4444895195,ИНЖЕНЕРА-ПРОЕКТИРОВЩИКА,,scraped,2026-08-01T15:47:19.778621,
41ada9e3b4dfd8dc,https://lr.linkedin.com/jobs/view/consent-sexual-violence-and-harassment-practitioner-skills-practice-at-active-consent-4444850203,"Consent, Sexual Violence and Harassment: Practitioner Skills & Practice",,scraped,2026-08-01T15:47:27.619032,
2c327592b96a4b57,https://lr.linkedin.com/jobs/view/tuy%E1%BB%83n-nh%C3%A2n-vi%C3%AAn-content-l%C6%B0%C6%A1ng-6-tri%E1%BB%87u-%2B-th%C6%B0%E1%BB%9Fng-kpi-at-c%C3%B4ng-ty-c%E1%BB%95-ph%E1%BA%A7n-t%C6%B0-v%E1%BA%A5n-x%C3%A2y-d%E1%BB%B1ng-s%C6%A1n-h%C3%A0-4445788226,Tuyển nhân viên Content lương 6 triệu + Thưởng KPI,Công ty Cổ phần Tư vấn Xây dựng Sơn Hà,posted,2026-08-01T15:47:44.112475,448
c0379fd095805c44,https://lr.linkedin.com/jobs/view/marketing-ai-builder-at-%E6%95%B0%E8%8B%B1-digitaling-4447596507,Marketing AI Builder,,scraped,2026-08-01T15:47:46.746195,
740cf9bf40c0cf92,https://lr.linkedin.com/jobs/view/hcm-gnoc-network-operator-at-kddi-hcm-gnoc-4445777060,[HCM GNOC] Network Operator,KDDI HCM GNOC,posted,2026-08-01T15:48:05.194708,450
c4617b92d1bd6014,https://lr.linkedin.com/jobs/view/heavy-equipment-operator-grader-fort-hills-at-north-american-construction-group-4446879571,Heavy Equipment Operator (Grader) (Fort Hills),,scraped,2026-08-01T15:48:07.720332,
2a100743fa5df447,https://lr.linkedin.com/jobs/view/diabetes-specialist-practitioner-diabetes-technology-at-hywel-dda-university-health-board-4442866172,Diabetes Specialist Practitioner - Diabetes technology,,scraped,2026-08-01T15:48:14.890019,
7a4a5089096ea061,https://lr.linkedin.com/jobs/view/independand-sales-partner-automation-solutions-at-tenverge-holdings-4447042491,Independand Sales Partner (Automation Solutions),Tenverge Holdings,posted,2026-08-01T15:48:32.007642,452
534d476ae70bc66d,https://lr.linkedin.com/jobs/view/senior-technical-consultant-digital-learning-learning-passport-implementation-support-monrovia-liberia-4-months-onsite-at-unicef-4447292669,"Senior Technical Consultant (Digital Learning & Learning Passport Implementation Support), Monrovia, Liberia, 4 months (onsite)",UNICEF,posted,2026-08-01T15:48:41.383249,454
dc312040d5c1716a,https://lr.linkedin.com/jobs/view/physical-therapy-technician-aide-at-benchmark-physical-therapy-4447777403,Physical Therapy Technician (Aide),BenchMark Physical Therapy,posted,2026-08-01T15:48:50.710930,456
a90558037e224ace,https://lr.linkedin.com/jobs/view/non-english-chat-operator-brazilian-im-chat-operator-at-new-media-services-pty-ltd-4446404136,Non-English Chat Operator (Brazilian IM Chat Operator),,scraped,2026-08-01T15:48:53.271166,
3a48a6abf6eb5f2e,https://lr.linkedin.com/jobs/view/business-administration-level-3-apprenticeship-%E2%80%93-nightingale-community-academy-at-orchard-hill-college-academy-trust-4446823784,Business Administration Level 3 Apprenticeship – Nightingale Community Academy,,scraped,2026-08-01T15:49:02.187341,
9f65dde4b4d97645,https://lr.linkedin.com/jobs/view/%E7%AD%96%E5%88%92%E6%80%BB%E7%9B%91-at-%E6%95%B0%E8%8B%B1-digitaling-4447583660,策划总监,,scraped,2026-08-01T15:49:09.886837,
b0bb3f865538971c,https://lr.linkedin.com/jobs/view/backend-engineer-annotator-at-odixcity-consulting-4446183623,Backend Engineer Annotator,Odixcity Consulting,posted,2026-08-01T15:49:23.294509,458
f5c3fe9deef9ab2b,https://lr.linkedin.com/jobs/view/mainframe-developer-cobol-at-hunt-remotely-4445735737,Mainframe Developer (COBOL),Hunt Remotely,posted,2026-08-01T15:49:32.751423,460
236962d424655e65,https://lr.linkedin.com/jobs/view/%E4%BB%98%E8%B4%B9%E6%8E%A8%E5%B9%BF-%E6%8A%95%E6%94%BE%E8%B5%84%E6%B7%B1%E6%80%BB%E7%9B%91-at-web3-4446788330,付费推广-投放资深总监,,scraped,2026-08-01T15:49:35.351016,
233c6a70d0e55841,https://lr.linkedin.com/jobs/view/astuccio-24%2B4-led-at-stak-worklights-4447191516,Astuccio 24+4 LED,,scraped,2026-08-01T15:49:44.079179,
c88d1e6d8c652a92,https://lr.linkedin.com/jobs/view/%E7%BE%8E%E6%9C%AF-%E8%B5%84%E6%B7%B1%E7%BE%8E%E6%9C%AF-at-%E6%95%B0%E8%8B%B1-digitaling-4447599542,美术/资深美术,,scraped,2026-08-03T18:30:02.599523,
48682ef57302b803,https://lr.linkedin.com/jobs/view/married-life-movie-at-dacks-4448313057,Married Life [MOVIE],Dacks,posted,2026-08-03T18:30:19.697753,462
e50b23d82dd7bdc0,https://lr.linkedin.com/jobs/view/superintendent-i-oxygen-production-at-ivanhoe-mines-4447922270,"Superintendent I, Oxygen Production",,scraped,2026-08-03T18:30:28.346690,
eb6736d9a12a3208,https://lr.linkedin.com/jobs/view/optional-flu-clinic-at-fishcreek-elementary-school-4447628629,Optional Flu Clinic,Fishcreek Elementary School,posted,2026-08-03T18:30:44.366690,464
e2fd8e770cf81255,https://lr.linkedin.com/jobs/view/payroll-at-fishcreek-elementary-school-4447631570,Payroll,Fishcreek Elementary School,posted,2026-08-03T18:30:53.351498,466
a5787d5bbdcae1cc,https://lr.linkedin.com/jobs/view/virtual-production-creative-residencies-at-galway-culture-company-4445816051,Virtual Production Creative Residencies,,scraped,2026-08-03T18:31:01.803325,
5cc9aeb472a86db2,https://lr.linkedin.com/jobs/view/%E5%88%9B%E6%84%8F%E7%BB%84%E9%95%BF-art-at-%E6%95%B0%E8%8B%B1-digitaling-4447589660,创意组长 (Art),,scraped,2026-08-03T18:31:08.499788,
a3f2371af1a2dcc3,https://lr.linkedin.com/jobs/view/werbetexter-bei-n3w-at-n3w-creative-strategies-4447641111,Werbetexter bei N3W,,scraped,2026-08-03T18:31:43.292900,
f7b1b4460f593263,https://lr.linkedin.com/jobs/view/free-mobile-freebox-pop-at-televora-4447256932,Free Mobile Freebox Pop,,scraped,2026-08-03T18:31:50.808976,
7261bcf0c6271457,https://lr.linkedin.com/jobs/view/special-education-teacher-william-floyd-middle-school-at-william-paca-middle-school-4446019281,Special Education Teacher - William Floyd Middle School,William Paca Middle School,posted,2026-08-03T18:32:06.175062,468
5a2bc5b0a4cf75aa,https://lr.linkedin.com/jobs/view/commonwealth-scholarship-at-gallium-oxide-optoelectronic-devices-good-group-4448135063,Commonwealth Scholarship,Gallium Oxide Optoelectronic Devices (GOOD) group,posted,2026-08-03T18:32:18.167862,470
39c0f16d913e17df,https://lr.linkedin.com/jobs/view/iima-ventures-aerospace-amp-defence-acceleration-fund-should-you-apply%3F-at-startup911-4448141500,IIMA Ventures Aerospace &amp; Defence Acceleration Fund: Should You Apply?,,scraped,2026-08-03T18:32:22.770020,
7e12d6c150e599c3,https://lr.linkedin.com/jobs/view/%E9%AB%98%E7%BA%A7%E8%BD%AF%E4%BB%B6%E5%B7%A5%E7%A8%8B%E5%B8%88-%E6%8A%80%E6%9C%AF%E8%B4%9F%E8%B4%A3%E4%BA%BA%EF%BC%88rust-%E4%B8%8E%E5%8C%BA%E5%9D%97%E9%93%BE%E5%9F%BA%E7%A1%80%E8%AE%BE%E6%96%BD%E6%96%B9%E5%90%91%EF%BC%89-at-web3-4447991677,高级软件工程师/技术负责人（Rust 与区块链基础设施方向）,Web3,posted,2026-08-03T18:33:48.512958,472
221d9f6300e09534,https://lr.linkedin.com/jobs/view/odin-torcia-led-in-alluminio-3w-at-stak-worklights-4447180724,ODIN: Torcia LED in alluminio 3W,,scraped,2026-08-03T18:34:01.124788,
14fb341f163cacc4,https://lr.linkedin.com/jobs/view/product-compliance-counsel-at-social-discovery-group-4444122694,Product Compliance Counsel,,scraped,2026-08-03T18:34:10.358012,
c4958534b0045c09,https://lr.linkedin.com/jobs/view/https-teambuilding-teamtonic-com-team-building-yoga-rire-at-team-tonic-services-team-building-4445846442,https://teambuilding-teamtonic.com/team-building-yoga-rire/,,scraped,2026-08-03T18:34:20.630127,
3ff32afd3d674e62,https://lr.linkedin.com/jobs/view/https-teambuilding-teamtonic-com-team-building-haka-at-team-tonic-services-team-building-4445859270,https://teambuilding-teamtonic.com/team-building-haka/,,scraped,2026-08-03T18:34:27.705477,
64a77c8e49b1a186,https://lr.linkedin.com/jobs/view/java%E5%B7%A5%E7%A8%8B%E5%B8%88-at-web3-4447981887,JAVA工程师,,scraped,2026-08-03T18:34:35.364793,
b285cc9f208701fd,https://lr.linkedin.com/jobs/view/velamp-prism-lanterna-campeggio-led-ricaricabile-usb-c-10w-1000-lumen-con-power-bank-at-stak-worklights-4447177770,VELAMP PRISM Lanterna Campeggio LED Ricaricabile USB-C 10W 1000 Lumen con Power Bank...,,scraped,2026-08-03T18:34:44.347364,
f5d42e8a0cbfe3d0,https://lr.linkedin.com/jobs/view/collaborating-supervising-physician-for-advanced-practice-providers-at-animo-sano-psychiatry-4447563264,Collaborating/Supervising Physician for Advanced Practice Providers,Animo Sano Psychiatry,posted,2026-08-03T18:35:01.240288,474
c2e5fc2d45dfe9de,https://lr.linkedin.com/jobs/view/handyman-monrovia-liberia-regular-full-time-40-hrs-at-the-church-of-jesus-christ-of-latter-day-saints-4447615188,"Handyman|Monrovia, Liberia| Regular (Full-Time-40 Hrs.)",The Church of Jesus Christ of Latter-day Saints,posted,2026-08-03T18:35:15.397276,476
3cf35f47965abe6b,https://lr.linkedin.com/jobs/view/drupal-web-developer-at-odixcity-consulting-4444515475,Drupal web developer,Odixcity Consulting,posted,2026-08-03T18:35:27.618368,478
beb2124650c29112,https://lr.linkedin.com/jobs/view/na-stanowisko-operatora-operatorki-w%C4%99z%C5%82a-betoniarskiego-at-alfa-bet-sp-z-o-o-4448104675,na stanowisko: OPERATORA/OPERATORKI WĘZŁA BETONIARSKIEGO,,scraped,2026-08-03T18:35:30.207468,
580891f569b87a9e,https://lr.linkedin.com/jobs/view/don%E2%80%99t-see-your-role-listed-above%3F-at-quantim-4449624015,Don’t see your role listed above?,,scraped,2026-08-05T17:15:20.672834,
94bb308877f905d6,https://lr.linkedin.com/jobs/view/locations-at-apsolut-middle-east-africa-4446789964,Locations,,scraped,2026-08-05T17:15:29.688883,
60686b5fe0f3ff7a,https://lr.linkedin.com/jobs/view/computer-operator-at-jobspeopledo-com-4449488832,Computer Operator,JobsPeopleDo.com,posted,2026-08-05T17:15:46.380731,480
2b0b1f55e2faeb60,https://lr.linkedin.com/jobs/view/family-business-kul%C3%BCb%C3%BC-at-sabanc%C4%B1-university-student-clubs-4444579204,Family Business Kulübü,Sabancı University Student Clubs,posted,2026-08-05T17:15:55.210797,482
b66ce9691da4e532,https://lr.linkedin.com/jobs/view/%EF%84%B8%E5%81%A5%E5%BA%B7%E4%BA%8B%E6%A5%AD%E6%89%80%E5%AE%A3%E8%A8%80-at-%EF%BC%88%E6%A0%AA%EF%BC%89%E5%9C%9F%E7%94%B0%E7%94%A3%E6%A5%AD-4445033415,健康事業所宣言,（株）土田産業,failed|wp_post_failed,2026-08-05T17:15:59.179387,
c5523d7c44fe306a,https://lr.linkedin.com/jobs/view/graphic-designer-at-hidima-4448553964,Graphic designer,hidima,posted,2026-08-05T17:16:03.855498,408
b295796b5df43f67,https://lr.linkedin.com/jobs/view/handyman-monrovia-liberia-regular-full-time-40-hrs-at-a-igreja-de-jesus-cristo-dos-santos-dos-%C3%BAltimos-dias-4448951228,"Handyman|Monrovia, Liberia| Regular (Full-Time-40 Hrs.)",,scraped,2026-08-05T17:16:10.446024,
80f501a04735a730,https://lr.linkedin.com/jobs/view/job-opportunities-at-little-master-denai-alam-4449068903,JOB OPPORTUNITIES,Little Master Denai Alam,posted,2026-08-05T17:16:24.520993,484
f2e9b36da1228695,https://lr.linkedin.com/jobs/view/golden-brown-at-spaceman-project-sl-4447672120,GOLDEN BROWN,SPACEMAN PROJECT SL,posted,2026-08-05T17:16:33.284398,486
312cffe9fe205269,https://lr.linkedin.com/jobs/view/production-supervisor-chemical-at-al-batinah-plastic-factory-4447294262,Production Supervisor (Chemical),,scraped,2026-08-05T17:16:35.860699,
b57d81f32e2fca8d,https://lr.linkedin.com/jobs/view/scholarships-at-ikaze-innovation-academy-iia-4448925859,Scholarships,,scraped,2026-08-05T17:16:44.062194,
5c5ab71263d238c5,https://lr.linkedin.com/jobs/view/stylists-%E2%80%A2-at-bang%21-salon-4449452913,STYLISTS •,Bang! Salon,posted,2026-08-05T17:16:58.567123,488
acc7ae0d9aa83f38,https://lr.linkedin.com/jobs/view/virtual-medical-secretary-wfh-at-vmore-virtual-practice-people-4448975816,Virtual Medical Secretary [WFH],,scraped,2026-08-05T17:17:01.111815,
a433d1c9d6af8131,https://lr.linkedin.com/jobs/view/for-startups-at-helicode-4445831212,For Startups,Helicode,posted,2026-08-05T17:17:20.009942,490
bd6d8c6f2793c012,https://lr.linkedin.com/jobs/view/page-you-are-looking-is-not-found-at-bushtv-4449488361,PAGE YOU ARE LOOKING IS NOT FOUND,BushTV,posted,2026-08-05T17:17:29.976337,492
48f69d4da838e980,https://lr.linkedin.com/jobs/view/%E3%82%AA%E3%83%BC%E3%83%97%E3%83%B3%E3%82%A8%E3%83%B3%E3%83%88%E3%83%AA%E3%83%BC-at-%E6%A0%AA%E5%BC%8F%E4%BC%9A%E7%A4%BE%E3%83%AA%E3%83%99%E3%83%AB%E3%82%AF%E3%83%A9%E3%83%95%E3%83%88-4448561171,オープンエントリー,,scraped,2026-08-05T17:17:34.555086,
dd45d58a97203039,https://lr.linkedin.com/jobs/view/utility-production-worker-at-scotia-investments-a-family-of-companies-4447370878,Utility Production Worker,Scotia Investments - A Family of Companies,posted,2026-08-05T17:17:48.075229,430
3e80d7d5483016f8,https://lr.linkedin.com/jobs/view/b%C4%93rns-nev%C4%93las-atgriezties-skol%C4%81%3F-speci%C4%81listi-iesaka-k%C4%81-pal%C4%ABdz%C4%93t-at-helio-media-4448987228,"Bērns nevēlas atgriezties skolā? Speciālisti iesaka, kā palīdzēt",,scraped,2026-08-05T17:17:52.615473,
2258f2cfc5f9e721,https://lr.linkedin.com/jobs/view/d-c-farmer-at-atomic-partnership-ltd-4448986625,D. C. Farmer,,scraped,2026-08-05T17:18:00.897513,
2a0d07a1c9a0fa43,https://lr.linkedin.com/jobs/view/%E7%94%A8%E6%88%B7%E5%A2%9E%E9%95%BF%E8%BF%90%E8%90%A5-at-deepcoin-4448521867,用户增长运营,,scraped,2026-08-05T17:18:07.723644,
f47ffdaac5b37b1f,https://lr.linkedin.com/jobs/view/%E4%B8%AD%E9%80%94%E6%8E%A1%E7%94%A8-at-modech-inc-4444524660,中途採用,MoDeCH Inc.,failed|wp_post_failed,2026-08-05T17:18:27.171121,
9009c6c05da6781d,https://lr.linkedin.com/jobs/view/group-exercise-spin-instructor-at-ymca-of-east-tennessee-4447333540,Group Exercise Spin Instructor,YMCA of East Tennessee,posted,2026-08-05T17:18:36.312400,494
a1e8c3aab1bb2616,https://lr.linkedin.com/jobs/view/pushup-mini-lanterna-3aaa-at-stak-worklights-4447182695,PUSHUP: mini lanterna 3AAA,,scraped,2026-08-05T17:18:43.038785,
18c6537fbbf15169,https://lr.linkedin.com/jobs/view/ai-agent-product-manager-at-hey-health-tech-4448035084,AI Agent Product Manager,Hey Health Tech,posted,2026-08-05T17:18:56.781656,496
ccbdbbb4af3db8d4,https://lr.linkedin.com/jobs/view/lowe%E2%80%99s-home-improvement-at-celina-watch-4449493509,Lowe’s Home Improvement,Celina Watch,posted,2026-08-05T17:19:06.942753,498
f5230f78abc9aafe,https://lr.linkedin.com/jobs/view/west-vancouver-recessed-lutron-shades-at-gallant-custom-shading-4449439145,West Vancouver Recessed Lutron Shades,Gallant Custom Shading,posted,2026-08-05T17:19:15.425638,500
ceabf2889d1a6da3,https://lr.linkedin.com/jobs/view/strategic-technology-partner-product-enablement-at-hey-health-tech-4448047001,Strategic Technology Partner - Product Enablement,Hey Health Tech,posted,2026-08-05T17:19:23.881300,502
789e96695c0c2ded,https://lr.linkedin.com/jobs/view/m%C2%ADa%C2%ADr%C2%ADi%C2%ADa%0Ak%C2%ADh%C2%ADa%C2%ADn-at-mirah-mangement-4449482563,"M­A­R­I­A
K­H­A­N",,scraped,2026-08-05T17:19:26.465976,
12da61e4e017730e,https://lr.linkedin.com/jobs/view/stain-busters-opens-new-megastore-breaks-even-in-3-months-at-lre-advisors-4449124226,Stain Busters Opens New Megastore; Breaks Even in 3 Months,LRE Advisors,posted,2026-08-05T17:19:38.708362,504
80c3d061522fbc82,https://lr.linkedin.com/jobs/view/untitled%EF%BC%8C2020-at-gallery-takaoka-4449030858,UNTITLED，2020,,scraped,2026-08-05T17:19:41.115567,
1e59fda2a9522f3f,https://lr.linkedin.com/jobs/view/nurse-ii-at-prairie-mountain-health-4447729000,Nurse II,,scraped,2026-08-05T17:19:48.954925,
9527e781283dbb50,https://lr.linkedin.com/jobs/view/work-with-us-to-help-make-alternative-medicines-more-accessible-at-azure-health-4448245775,Work with us to help make alternative medicines more accessible,Azure Health,posted,2026-08-05T17:20:01.701679,506
d348bceee013193d,https://lr.linkedin.com/jobs/view/ui-ux-designer-at-sippi-%E2%80%93-sullivan-interpersonal-psychoanalytic-practicing-institution-4448992119,UI/UX Designer,SIPPI – sullivan interpersonal psychoanalytic practicing institution,posted,2026-08-05T17:20:10.688003,508
6051d7545507e7be,https://lr.linkedin.com/jobs/view/senior-superintendent-i-lom-capex-opex-planning-engineer-at-ivanhoe-mines-4447917384,"Senior Superintendent I, LOM Capex / Opex Planning Engineer",,scraped,2026-08-05T17:20:13.239023,
4a2c77cdd7aa3857,https://lr.linkedin.com/jobs/view/quand-tout-s-effondre-at-libre-solidaire-editions-4449106722,Quand tout s'effondre,,scraped,2026-08-05T17:20:20.431108,
1bf07da3d456adc8,https://lr.linkedin.com/jobs/view/humanipo-shutting-down-on-january-15-at-humanipo-4446690187,HumanIPO shutting down on January 15,HumanIPO,posted,2026-08-05T17:20:33.837090,510
2d29f9dfc51e3bac,https://lr.linkedin.com/jobs/view/turbine-blade-at-taegutec-south-africa-4448984829,Turbine Blade,,scraped,2026-08-05T17:20:36.453671,
9598c20f26abe4da,https://lr.linkedin.com/jobs/view/software-engineering-manager-remote-at-joyride-superapp-4447991670,Software Engineering Manager (REMOTE),,scraped,2026-08-05T17:20:43.345164,
cfac994ad87a3c6f,https://lr.linkedin.com/jobs/view/wordpress-theme-developer-at-roibyroy-4449117959,WordPress Theme Developer,RoibyRoy,posted,2026-08-05T17:20:58.615336,512
cee6912c0a5799ac,https://lr.linkedin.com/jobs/view/family-at-icf-japan-%E5%9B%BD%E9%9A%9B%E3%82%B3%E3%83%BC%E3%83%81%E3%83%B3%E3%82%B0%E9%80%A3%E7%9B%9F%E6%97%A5%E6%9C%AC%E6%94%AF%E9%83%A8-4449471396,FAMILY,ICF Japan / 国際コーチング連盟日本支部,posted,2026-08-05T17:21:08.117735,514
f0f730a104b05f2b,https://lr.linkedin.com/jobs/view/qa-lead-at-devhunt-io-4448282206,QA Lead,,scraped,2026-08-05T17:21:10.654819,
295e6a7219a7cc41,https://lr.linkedin.com/jobs/view/performance-marketing-specialist-at-surge-global-4448033871,Performance Marketing Specialist,,scraped,2026-08-05T17:21:17.971694,
a818a935eda20916,https://lr.linkedin.com/jobs/view/work-from-home-insurance-agent-in-pangasinan-at-pru-life-uk-4448519833,Work From Home Insurance Agent in Pangasinan,,scraped,2026-08-05T17:21:25.560660,
dbf5765f9f086067,https://lr.linkedin.com/jobs/view/eric-nivot-at-sensito-films-4449422318,Eric NIVOT,SENSITO FILMS,posted,2026-08-05T17:21:41.148866,516
d0de0d4b225d8709,https://lr.linkedin.com/jobs/view/ahmad-nassri-is-still-looking-for-the-llm-magic-at-engineering-with-ai-podcast-4449111362,Ahmad Nassri is *still* looking for the LLM magic,Engineering With AI Podcast,posted,2026-08-05T17:21:49.913441,518
cc443160f50946fa,https://lr.linkedin.com/jobs/view/eric-emeraux-at-eci-talent-artistic-agency-4448579982,Eric EMERAUX,,scraped,2026-08-05T17:21:52.486823,
5a0bcbe629121140,https://lr.linkedin.com/jobs/view/%E5%8F%8C%E8%AF%AD%E5%AE%A2%E6%9C%8D%E4%B8%BB%E7%AE%A1-at-imf-ingenieurgesellschaft-meinhardt-fulst-gmbh-4448504949,双语客服主管,,scraped,2026-08-05T17:21:59.193294,
62040bdd2b639227,https://lr.linkedin.com/jobs/view/forklift-operator-at-tld-ramp-inc-4448921409,Forklift Operator,TLD RAMP Inc,posted,2026-08-05T17:22:13.510904,520
c5cadca7cd6fb13e,https://lr.linkedin.com/jobs/view/%E9%8C%AF%E8%AA%A4-404-%E6%B2%92%E6%9C%89%E6%AD%A4%E7%B6%B2%E9%A0%81-%21%21-cadch%E7%B6%B2%E9%A0%81%E8%A8%AD%E8%A8%88%E5%85%AC%E5%8F%B8-at-%E6%96%87%E7%B6%B2%E8%82%A1%E4%BB%BD%E6%9C%89%E9%99%90%E5%85%AC%E5%8F%B8-4447491663,錯誤 404 (沒有此網頁)!! - CADCH網頁設計公司,,scraped,2026-08-05T17:22:16.144714,
39b1e63ae6ba2c7d,https://lr.linkedin.com/jobs/view/grupu-nodarb%C4%ABbas-at-skola-cilv%C4%93kam-4447369387,Grupu nodarbības,,scraped,2026-08-05T17:22:22.687448,
19d4b7a3e9ced0d7,https://lr.linkedin.com/jobs/view/deze-pagina-is-waarschijnlijk%0Agaan-droogtrainen-at-volle-gym-4449465482,"Deze pagina is waarschijnlijk
gaan droogtrainen...",Volle Gym,posted,2026-08-05T17:22:35.963019,522
08c54611ca00fd70,https://lr.linkedin.com/jobs/view/payroll-software-rfp-template-at-rfp-warehouse-4449405715,Payroll Software RFP Template,RFP Warehouse,posted,2026-08-05T17:22:44.313156,524
ce4b8ea235db6bd7,https://lr.linkedin.com/jobs/view/co-partner-at-noetfield-systems-4448992269,Co-partner,,scraped,2026-08-05T17:22:48.899733,
b2cae84fe0c43faf,https://lr.linkedin.com/jobs/view/backend-developer-ml-ai-at-podpitch-4448674116,Backend Developer (ML/AI),PodPitch,posted,2026-08-05T17:23:01.807084,526
9a80e0e30c9dd991,https://lr.linkedin.com/jobs/view/%E5%95%86%E5%8A%A1%E6%80%BB%E7%9B%91-at-%E6%95%B0%E8%8B%B1-digitaling-4447588565,商务总监,,scraped,2026-08-05T17:23:06.496284,
bfa3ef6165d61074,https://lr.linkedin.com/jobs/view/%E5%AE%A2%E6%88%B7%E6%80%BB%E7%9B%91%EF%BC%88%E6%8A%96%E7%BA%A2%E5%93%81%E6%95%88%E7%B1%BB%EF%BC%89-at-%E6%95%B0%E8%8B%B1-digitaling-4447595495,客户总监（抖红品效类）,,scraped,2026-08-05T17:23:13.597844,
8d592be7fe61a8b7,https://lr.linkedin.com/jobs/view/%E3%82%A2%E3%82%B7%E3%82%B9%E3%82%BF%E3%83%B3%E3%83%88-at-tokyo-zeikei-center-4447340370,アシスタント,,scraped,2026-08-05T17:23:22.008093,
8221c3c10cfe045d,https://lr.linkedin.com/jobs/view/%E9%AB%98%E7%BA%A7%E5%AE%A2%E6%88%B7%E7%BB%8F%E7%90%86sam-at-%E6%95%B0%E8%8B%B1-digitaling-4447599556,高级客户经理SAM,,scraped,2026-08-05T17:23:28.960549,
3b6db77a01be0b77,https://lr.linkedin.com/jobs/view/script-writer-at-hidima-4448553962,Script writer,hidima,posted,2026-08-05T17:23:37.831640,360
b8c0fb0253a39567,https://lr.linkedin.com/jobs/view/invitation-to-submit-a-bid-for-construction-services-at-lutheran-development-service-liberia-4449088739,INVITATION TO SUBMIT A BID FOR CONSTRUCTION SERVICES.,,scraped,2026-08-05T17:23:40.186069,
9c3e7e5da08974e9,https://lr.linkedin.com/jobs/view/regis-groff-track-head-coach-at-colorado-high-school-activities-association-4448927844,Regis Groff - Track Head Coach,Colorado High School Activities Association,posted,2026-08-05T17:23:53.973113,528
1c820b2ae3cae12d,https://lr.linkedin.com/jobs/view/ai-fundamentals-for-principals-at-gruvy-education-%E2%80%94-ai-training-4446605146,AI Fundamentals for Principals,Gruvy Education — AI Training,posted,2026-08-05T17:24:03.367884,530
3327c323e8e241d1,https://lr.linkedin.com/jobs/view/the-end-of-year-breakdown-at-emma-brooks-4449126398,The end of year breakdown,Emma Brooks,posted,2026-08-05T17:24:11.828546,532
baed1858f6762bf7,https://lr.linkedin.com/jobs/view/educational-leader-full-time-holder-elc-at-the-y-canberra-region-4447617130,Educational Leader - Full Time - Holder ELC,,scraped,2026-08-05T17:24:14.337649,
3760e65648db2dee,https://lr.linkedin.com/jobs/view/key-holder-at-frasers-plus-braehead-4446696599,Key Holder,,scraped,2026-08-05T17:24:20.639479,
4518bfbeefd3e872,https://lr.linkedin.com/jobs/view/%E8%B5%84%E6%B7%B1%E6%96%87%E6%A1%88scw-at-%E6%95%B0%E8%8B%B1-digitaling-4447596511,资深文案SCW,,scraped,2026-08-05T17:24:29.226921,
fa18241729c522a4,https://lr.linkedin.com/jobs/view/sorunne-ii-final-chapter-at-spaceman-project-sl-4447667222,SORUNNE II (Final chapter),SPACEMAN PROJECT SL,posted,2026-08-05T17:24:42.804621,534
ee52598e63f5c453,https://lr.linkedin.com/jobs/view/regis-groff-throwers-coach-at-colorado-high-school-activities-association-4448932173,Regis Groff - Throwers Coach,Colorado High School Activities Association,posted,2026-08-05T17:24:51.731035,536
3afabf89dc1d8605,https://lr.linkedin.com/jobs/view/near-partners-with-spanish-seniors-enrica-study-at-national-e-infrastructure-for-aging-research-near-4447767902,NEAR Partners with Spanish Seniors-Enrica study,,scraped,2026-08-05T17:24:58.320116,
cc4df3aeccf3220d,https://lr.linkedin.com/jobs/view/competency-matrix-for-senior-engineering-manager-interviews-free-template-at-matricsy-4448913090,Competency Matrix for Senior Engineering Manager Interviews - Free Template,Matricsy,posted,2026-08-05T17:25:13.006168,538
8d64fa85e69f53a4,https://lr.linkedin.com/jobs/view/december-kdramas-at-new-kdrama-4449666565,december-kdramas,,scraped,2026-08-05T17:25:15.537653,
0b5f0583976de6d9,https://lr.linkedin.com/jobs/view/https-teambuilding-teamtonic-com-team-building-effets-speciaux-at-team-tonic-services-team-building-4445844455,https://teambuilding-teamtonic.com/team-building-effets-speciaux/,,scraped,2026-08-05T17:25:22.203567,
92eb63899ea4dfe9,https://lr.linkedin.com/jobs/view/jeff-langr-uses-aadv-to-get-more-out-of-llms-at-engineering-with-ai-podcast-4449118349,Jeff Langr uses AADV to get more out of LLMs,Engineering With AI Podcast,posted,2026-08-05T17:25:37.996732,540
3db920ab2bb950dc,https://lr.linkedin.com/jobs/view/usa-computing-olympiad-at-high-school-opportunity-4448990243,USA Computing Olympiad,High School Opportunity,posted,2026-08-05T17:25:48.949931,542
daa74bb46f045eee,https://lr.linkedin.com/jobs/view/clean-screams-team-member-benefits-at-clean-screams-services-4448940152,Clean Screams Team Member Benefits,Clean Screams Services,posted,2026-08-05T17:25:58.504705,544
d5fdf87a832f2dcd,https://lr.linkedin.com/jobs/view/cnc-manual-turner-cylindrical-grinder-at-f-g-l-precision-limited-4447316175,CNC Manual Turner/Cylindrical Grinder,,scraped,2026-08-05T17:26:01.079464,
07cc3f8419a2df0e,https://lr.linkedin.com/jobs/view/werner-vogels%E2%80%99-2025-aws-re-invent-keynote-is-a-timely-career-handbook-for-navigating-accelerating-change-at-constantin-glez-de-4447356882,Werner Vogels’ 2025 AWS re:Invent keynote is a timely career handbook for navigating accelerating change,,scraped,2026-08-05T17:26:09.702972,
a810866bedac6569,https://lr.linkedin.com/jobs/view/physician-practice-timeline-at-texas-chapter-american-college-of-physicians-4447320968,Physician & Practice Timeline,"Texas Chapter, American College of Physicians",posted,2026-08-05T17:26:24.965459,546
c9aff37607ae09a6,https://lr.linkedin.com/jobs/view/full-time-physician-primary-care-at-hey-health-tech-4448040053,Full Time Physician - Primary Care,Hey Health Tech,posted,2026-08-05T17:26:34.064009,548
d32186d935b08448,https://lr.linkedin.com/jobs/view/your-partner-in-growing-your-business-at-ravel-corporate-advisors-pvt-ltd-4448015383,Your partner in growing your business,,scraped,2026-08-05T17:26:36.615174,
0bc1178d4f69b871,https://lr.linkedin.com/jobs/view/taxi-chauffeur-allround-weekend-middag-avond-nacht-at-r-m-taxi-zwolle-4448989594,Taxi Chauffeur allround (weekend middag/avond/nacht),R.M. Taxi Zwolle,posted,2026-08-05T17:26:50.863485,550
5f5771b18792a69d,https://lr.linkedin.com/jobs/view/product-marketing-sales-specialist-at-tdg-t%C3%BCrkiye-4449073052,Product Marketing & Sales Specialist,TDG Türkiye,posted,2026-08-05T17:27:07.576733,552
f734dcdc3e63d3fc,https://lr.linkedin.com/jobs/view/printarmy-%D0%B4%D1%80%D1%83%D0%BA%D0%B0%D1%80%D0%BC%D1%96%D1%8F-at-volunteeringinukraine-4449458346,PrintArmy / ДрукАрмія,,scraped,2026-08-05T17:27:10.183529,
e211e91f04c9c616,https://lr.linkedin.com/jobs/view/request-for-expression-of-interest-eoi-at-lutheran-development-service-liberia-4449084845,Request for Expression of Interest (EOI),,scraped,2026-08-05T17:27:16.402881,
5dd360541c2492bf,https://lr.linkedin.com/jobs/view/head-of-affiliates-at-podpitch-4448670220,Head of Affiliates,PodPitch,posted,2026-08-05T17:27:32.892362,554
6bbd622da73b1e73,https://lr.linkedin.com/jobs/view/paid-payment-testing-%E2%80%94-requires-a-business-bank-account-in-china-or-chile-worldwide-at-software-testing-corp-4447975706,Paid Payment Testing — Requires a Business Bank Account in China or Chile [Worldwide],Software Testing Corp,posted,2026-08-05T17:27:41.742175,556
bb9ec42411e44bf7,https://lr.linkedin.com/jobs/view/don%E2%80%99t-see-your-role-listed%3F-at-mindsdb-4450094542,Don’t see your role listed?,MindsDB,posted,2026-08-07T13:34:44.189351,558
ac2df030d545b074,https://lr.linkedin.com/jobs/view/investor-at-emberground-4448583135,Investor,EmberGround,posted,2026-08-07T13:34:54.305511,560
a27b0caa89f6e0c8,https://lr.linkedin.com/jobs/view/bakery-at-black7-4448525717,Bakery,Black7,posted,2026-08-07T13:35:03.793520,562
ef6561c2d11e4341,https://lr.linkedin.com/jobs/view/renovated-building-campaign-at-st-michaels-community-center-4447386694,Renovated Building & Campaign,St. Michaels Community Center,posted,2026-08-07T13:35:12.783831,564
a0538182dd790b53,https://lr.linkedin.com/jobs/view/take-care-of-your-people-at-koven-j-smith-consulting-4449434921,Take care of your people,Koven J. Smith Consulting,posted,2026-08-07T13:35:21.815499,566
8c66fb8e8973f017,https://lr.linkedin.com/jobs/view/lybrowser-at-ikuvi-4448937381,LYBrowser,ikuvi,posted,2026-08-07T13:35:58.184335,568
3456913821a90806,https://lr.linkedin.com/jobs/view/payroll-services-at-smartegp-4448908329,Payroll Services,,scraped,2026-08-07T13:36:00.711794,
3cc4ecdc2e9e4116,https://lr.linkedin.com/jobs/view/botnexus-ai-at-veridian-labs-4449128841,BotNexus.ai,Veridian Labs,posted,2026-08-07T13:36:16.528820,570
1a8de4905c1901d6,https://lr.linkedin.com/jobs/view/yoga-studio-at-black7-4448526760,Yoga Studio,Black7,posted,2026-08-07T13:36:26.083024,572
a2406cb79e2859e0,https://lr.linkedin.com/jobs/view/maximizing-return-on-existing-investments-with-embedded-data-analytics-and-bi-at-demon-enterprises-limited-4447347625,Maximizing return on existing investments with Embedded Data Analytics and BI,Demon Enterprises Limited,posted,2026-08-07T13:36:35.536743,574
0379800aaaf295d2,https://lr.linkedin.com/jobs/view/bull-heifer-vacancies-at-bettws-hall-sporting-estates-4448965296,BULL & HEIFER VACANCIES,Bettws Hall Sporting Estates,posted,2026-08-07T13:36:40.385278,110
3960647c75865fb6,https://lr.linkedin.com/jobs/view/s3e2-your-development-lifecycle-has-a-worm-problem-at-plan-b-security-podcast-4449630533,S3E2 - Your Development Lifecycle Has A Worm Problem,Plan-B Security Podcast,posted,2026-08-07T13:36:49.545803,576
bf082e00122a3845,https://lr.linkedin.com/jobs/view/staying-employable-and-relevant-as-a-data-scientist-at-boris-gorelik-ai-ml-consulting-4449666769,Staying employable and relevant as a data scientist,Boris Gorelik AI&amp;ML consulting,posted,2026-08-07T13:37:01.000015,578
1b323a23adfae485,https://lr.linkedin.com/jobs/view/hey-you%21-yes-you%21are-you-looking-for-a-job-opportunity-that-offers-challenging-and-rewarding-work-amazing-perks-a-fun-work-atmosphere-and-room-for%E2%80%A6-at-butler-byers-insurance-ltd-4449460398,"Hey you! Yes, you!Are you looking for a job opportunity that offers challenging and rewarding work, amazing perks, a fun work atmosphere, and room for…",,scraped,2026-08-07T13:37:03.589145,
875244807f6d0053,https://lr.linkedin.com/jobs/view/the-noble-man-is-a-playa%E2%80%A6-of-games-that-is%21-at-noble-warriors-inc-4449673506,The Noble Man is a Playa… Of Games That Is!,"Noble Warriors, Inc.",posted,2026-08-07T13:37:17.208493,580
2d54541525290ce7,https://lr.linkedin.com/jobs/view/yoga-at-proshoots-brasil-4448028222,Yoga,,scraped,2026-08-07T13:37:19.762196,
4f25121c1dff7a70,https://lr.linkedin.com/jobs/view/%E3%82%AD%E3%83%A3%E3%83%94%E3%82%BF%E3%83%AA%E3%82%B9%E3%83%88-%E6%AD%A3%E7%A4%BE%E5%93%A1-at-delight-ventures-4446264521,キャピタリスト / 正社員,Delight Ventures,posted,2026-08-07T13:37:33.817496,582
e167ad8ae3588a47,https://lr.linkedin.com/jobs/view/joe-at-yes-network-4449796962,JOE,YES Network,posted,2026-08-07T13:37:43.577939,584
a4fa2a1b030b7d50,https://lr.linkedin.com/jobs/view/inside-every-basin-you-know-is-another-basin-you-haven%E2%80%99t-met-at-geo-expro-4450044794,Inside every Basin you know is another Basin you haven’t met,,scraped,2026-08-07T13:37:53.922373,
c27ce14526be2bb8,https://lr.linkedin.com/jobs/view/%E6%B4%BB%E5%8A%A8%E7%AD%96%E5%88%92-at-deepcoin-4448519825,活动策划,,scraped,2026-08-07T13:38:01.031784,
0c3777571cf806e6,https://lr.linkedin.com/jobs/view/automation-supervisor-at-danieli-systec-4450057880,Automation supervisor,,scraped,2026-08-07T13:38:08.034403,
089e6882326e2976,https://lr.linkedin.com/jobs/view/lead-a-lab-at-optimistic-labs-4449116370,Lead a Lab,Optimistic Labs,posted,2026-08-07T13:38:23.210408,586
0404998801df0bc8,https://lr.linkedin.com/jobs/view/chipotle-at-celina-watch-4449486801,Chipotle,Celina Watch,posted,2026-08-07T13:38:32.732159,588
e034a548b75dd8cb,https://lr.linkedin.com/jobs/view/utility-aviation-at-zimex-aviation-ltd-4448498360,Utility Aviation,,scraped,2026-08-07T13:38:35.422277,
d6d0abb1d9a8d52b,https://lr.linkedin.com/jobs/view/how-the-wash-launched-a-bespoke-laundromat-in-just-6-months-at-lre-advisors-4449115298,How The Wash Launched a Bespoke Laundromat in Just 6 Months,LRE Advisors,posted,2026-08-07T13:38:56.631568,590
920b85ce8357f294,https://lr.linkedin.com/jobs/view/hatchet-at-appstackbuilder-4448287247,Hatchet,appstackbuilder,posted,2026-08-07T13:39:05.979773,592
42a87e4d14b993df,https://lr.linkedin.com/jobs/view/taylored-duo-lounge-duo-uk-at-the-entertainment-consultancy-4449038835,Taylored Duo - Lounge Duo (UK),,scraped,2026-08-07T13:39:10.522262,
1ce23c98e384f582,https://lr.linkedin.com/jobs/view/when-your-partner-ages-faster-than-you-at-smart-senior-daily-4449047591,When Your Partner Ages Faster Than You,Smart Senior Daily,posted,2026-08-07T13:39:22.757568,594
00c15961710848ec,https://lr.linkedin.com/jobs/view/river-at-appstackbuilder-4448272948,River,appstackbuilder,posted,2026-08-07T13:39:33.328277,596
54e05bb7342019ad,https://lr.linkedin.com/jobs/view/pears-people-enquiry-and-resolution-service-administrator-at-betsi-cadwaladr-university-health-board-4449987481,PEARS (People Enquiry and Resolution Service) Administrator,,scraped,2026-08-07T13:39:35.910716,
2421ffb54f106767,https://lr.linkedin.com/jobs/view/ai-in-teen-mental-health-healing-tool-or-hiding-place%3F-at-teens4tech-4448574545,AI in Teen Mental Health: Healing Tool or Hiding Place?,Teens4Tech,posted,2026-08-07T13:39:49.498593,598
bdc10ec778eff30f,https://lr.linkedin.com/jobs/view/crm-manager-at-staffco-io-4448529707,CRM Manager,StaffCo Io.,posted,2026-08-07T13:39:54.175355,166
2eb890fd4618ad16,https://lr.linkedin.com/jobs/view/telecom-analyst-at-resumeally-4449408272,Telecom Analyst,ResumeAlly,posted,2026-08-07T13:40:04.642978,600
c06b5a72a2a6c131,https://lr.linkedin.com/jobs/view/nous-recrutons-des-agentsde-securite-experimentes-at-mexl-sarl-4448942724,NOUS RECRUTONS DES AGENTSDE SECURITE EXPERIMENTES,,scraped,2026-08-07T13:40:07.192364,
039b7aedea685462,https://lr.linkedin.com/jobs/view/cafe-retail-sales-assistant-at-oasis-au-4448956541,Cafe & Retail Sales Assistant,,scraped,2026-08-07T13:40:15.397598,
d08296b8e2857f9d,https://lr.linkedin.com/jobs/view/regis-groff-girls-head-coach-at-colorado-high-school-activities-association-4448928918,Regis Groff - Girls Head Coach,Colorado High School Activities Association,posted,2026-08-07T13:40:28.307252,602
82b012c9aa5f75fa,https://lr.linkedin.com/jobs/view/policy-practice-at-kroc-institute-for-international-peace-studies-university-of-notre-dame-4450061988,Policy & Practice,"Kroc Institute for International Peace Studies, University of Notre Dame",posted,2026-08-07T13:40:37.868221,604
d5cb8bb27f325542,https://lr.linkedin.com/jobs/view/regis-groff-track-head-coach-at-colorado-high-school-activities-association-4448933137,Regis Groff - Track Head Coach,Colorado High School Activities Association,posted,2026-08-07T13:40:42.619852,528
51144ba547bf5354,https://lr.linkedin.com/jobs/view/advanced-practice-provider-careers-at-trinitas-regional-medical-center-4450040075,Advanced Practice Provider Careers,Trinitas Regional Medical Center,posted,2026-08-07T13:40:56.265839,606
cc5d4667f16b0cc6,https://lr.linkedin.com/jobs/view/senior-executive-paid-search-at-wpp-media-4442850477,Senior Executive - Paid Search,WPP Media,posted,2026-08-07T13:41:11.653960,608
3002f1b983a06e04,https://lr.linkedin.com/jobs/view/head-of-investment-optimum-at-beneo-4449737549,Head of Investment & Optimum,,scraped,2026-08-07T13:41:14.142283,
bb2e8146eb8c2f73,https://lr.linkedin.com/jobs/view/it-supervisor-liberia-at-sunda-international-4448882469,IT Supervisor (Liberia),森大国际,posted,2026-08-07T13:41:35.792834,610
2a9aafb79a506b22,https://lr.linkedin.com/jobs/view/duo-deckenleuchte-at-davies-led-4449481237,Duo Deckenleuchte,,scraped,2026-08-07T13:41:38.336271,
faf9cd2009eedb5b,https://lr.linkedin.com/jobs/view/officer-information-technology-telecoms-at-international-federation-of-red-cross-and-red-crescent-societies-ifrc-4450614315,"Officer, Information Technology/Telecoms",,scraped,2026-08-07T13:41:54.886084,
60bf6b4ea41df9ae,https://lr.linkedin.com/jobs/view/https-teambuilding-teamtonic-com-team-building-clip-video-at-team-tonic-services-team-building-4445852378,https://teambuilding-teamtonic.com/team-building-clip-video/,,scraped,2026-08-07T13:42:03.017720,
5f962eef31749e46,https://lr.linkedin.com/jobs/view/production-worker-at-people-against-domestic-and-sexual-abuse-of-jefferson-county-4449981805,Production Worker,PEOPLE AGAINST DOMESTIC AND SEXUAL ABUSE OF JEFFERSON COUNTY,posted,2026-08-07T13:42:15.271008,314
c026ae6c5fc4da33,https://lr.linkedin.com/jobs/view/bd-manager%EF%BC%88kol%EF%BC%89-at-web3-4449747848,BD Manager（KOL）,Web3,posted,2026-08-07T13:43:33.138013,102
c21a7ac38e57aeaa,https://lr.linkedin.com/jobs/view/abbiss-cadres-llp-at-lawstreet-4449459820,Abbiss Cadres LLP,,scraped,2026-08-07T13:43:35.755012,
941e56cdc939db68,https://lr.linkedin.com/jobs/view/skilled-cnc-turner-at-f-g-l-precision-limited-4447301882,Skilled CNC Turner,,scraped,2026-08-07T13:43:43.064272,
a6e2c4f3b991d05c,https://lr.linkedin.com/jobs/view/https-teambuilding-teamtonic-com-team-building-emission-tv-at-team-tonic-services-team-building-4445837584,https://teambuilding-teamtonic.com/team-building-emission-tv/,,scraped,2026-08-07T13:43:49.826367,
e39ed0c443ecd0d1,https://lr.linkedin.com/jobs/view/join-a-community-at-construction-industry-institute-4450029366,Join a Community,Construction Industry Institute,posted,2026-08-07T13:44:07.252203,612
b0fd204e2a8a808c,https://lr.linkedin.com/jobs/view/project-delivery-manager-at-sls-alliance-4447345819,Project Delivery Manager,SLS Alliance,posted,2026-08-07T13:44:18.740141,614
1e1a54fa6b30b540,https://lr.linkedin.com/jobs/view/mechanical-engineer-planner-at-internovi-b-v-4448809856,MECHANICAL ENGINEER / PLANNER,,scraped,2026-08-07T13:44:21.289311,
9b92101df912650b,https://lr.linkedin.com/jobs/view/co-stoj%C3%AD-za-%C3%BAsp%C4%9Bchem-v-erc%3F-nov%C3%A9-mezin%C3%A1rodn%C3%AD-%C5%A1et%C5%99en%C3%AD-p%C5%99in%C3%A1%C5%A1%C3%AD-pohled-dr%C5%BEitel%C5%AF-at-stratin-strategick%C3%A1-inteligence-pro-v%C3%BDzkum-a-inovace-4449125173,Co stojí za úspěchem v ERC? Nové mezinárodní šetření přináší pohled držitelů,STRATIN - Strategická inteligence pro výzkum a inovace,posted,2026-08-07T13:44:36.186066,616
7c32bb715d8aed46,https://lr.linkedin.com/jobs/view/%E3%82%B3%E3%83%B3%E3%82%B5%E3%83%AB%E3%82%BF%E3%83%B3%E3%83%88-at-tokyo-zeikei-center-4447334553,コンサルタント,,scraped,2026-08-07T13:44:38.671555,
59dc7ebca64554d2,https://lr.linkedin.com/jobs/view/the-rise-of-engineered-systems-at-constantin-glez-de-4447362567,The Rise of Engineered Systems,,scraped,2026-08-07T13:44:47.443371,
6dc00493e0633b70,https://lr.linkedin.com/jobs/view/google-cloud-tasks-at-appstackbuilder-4448283317,Google Cloud Tasks,appstackbuilder,posted,2026-08-07T13:45:00.271835,618
1ed70a3f19535f32,https://lr.linkedin.com/jobs/view/panda-express-at-celina-watch-4449490682,Panda Express,Celina Watch,posted,2026-08-07T13:45:09.249032,620
b94234f1c85989ad,https://lr.linkedin.com/jobs/view/marriage-and-family-therapists-at-jobspeopledo-com-4450241359,Marriage and Family Therapists,JobsPeopleDo.com,posted,2026-08-07T13:45:19.429398,622
5f7e4eeb00d07da1,https://lr.linkedin.com/jobs/view/marriage-and-family-therapists-at-jobspeopledo-com-4450244322,Marriage and Family Therapists,JobsPeopleDo.com,scraped,2026-08-07T13:45:23.503151,
6b211b795595176a,https://lr.linkedin.com/jobs/view/bullmq-at-appstackbuilder-4448294075,BullMQ,appstackbuilder,posted,2026-08-07T13:45:32.809932,624
3168bb17076e206b,https://lr.linkedin.com/jobs/view/implementation-specialist-at-hey-health-tech-4448044020,Implementation Specialist,Hey Health Tech,posted,2026-08-07T13:45:42.620999,626
96023c7f200fa816,https://lr.linkedin.com/jobs/view/celery-at-appstackbuilder-4448291144,Celery,appstackbuilder,posted,2026-08-07T13:45:51.788041,628
2c0dd0748a503bb5,https://lr.linkedin.com/jobs/view/foto-aktiera-m%C4%81rti%C5%86a-po%C4%8Da-%C4%A3imen%C4%93-gaid%C4%81ms-priec%C4%ABgs-notikums-at-helio-media-4448983363,FOTO: Aktiera Mārtiņa Poča ģimenē gaidāms priecīgs notikums,,scraped,2026-08-07T13:45:54.286364,
e2821a0e2828564d,https://lr.linkedin.com/jobs/view/the-startup-community-in-mozambique-is-very-weak-%E2%80%93-kande-at-humanipo-4446691184,The startup community in Mozambique is very weak – Kande,HumanIPO,posted,2026-08-07T13:46:09.669207,630
4438b8b1f5cfb301,https://lr.linkedin.com/jobs/view/dati-atkl%C4%81j-satrauco%C5%A1u-ainu-pieaudzis-b%C4%93rnu-inval%C4%ABdu-skaits-arvien-vair%C4%81k-b%C4%93rnu-v%C4%93r%C5%A1as-pie-%C4%81rstiem-at-helio-media-4449103011,"Dati atklāj satraucošu ainu - pieaudzis bērnu-invalīdu skaits, arvien vairāk bērnu vēršas pie ārstiem",,scraped,2026-08-07T13:46:12.185601,
23ea5472683c3e2e,https://lr.linkedin.com/jobs/view/morocco%E2%80%99s-oceanic-crust-%E2%80%93-a-new-exploration-paradigm-at-geo-expro-4450039883,Morocco’s oceanic crust – A new exploration paradigm,,scraped,2026-08-07T13:46:20.698080,
6e14518517bd783c,https://lr.linkedin.com/jobs/view/upstash-qstash-at-appstackbuilder-4448293136,Upstash QStash,appstackbuilder,posted,2026-08-07T13:46:33.761451,632
838b1c50aeb171d4,https://lr.linkedin.com/jobs/view/hr-people-partner-at-social-discovery-group-4448429684,HR People Partner,,scraped,2026-08-07T13:46:36.300453,
758e88f47f1bf70e,https://lr.linkedin.com/jobs/view/import-and-export-manager-liberia-at-sunda-international-4448879497,Import and Export Manager (Liberia),,scraped,2026-08-07T13:46:47.060654,
1a37bcc4caf89d9d,https://lr.linkedin.com/jobs/view/equipment-technician-sr-technician-tech-specialist-ae-at-silterra-malaysia-sdn-bhd-4448492493,Equipment - Technician/ Sr Technician / Tech Specialist / AE,SilTerra Malaysia Sdn. Bhd.,posted,2026-08-07T13:48:26.250438,634
59437ada4c6e97a1,https://lr.linkedin.com/jobs/view/marriage-and-family-therapist-at-jobspeopledo-com-4450257083,Marriage and Family Therapist,JobsPeopleDo.com,posted,2026-08-07T13:48:35.938708,636
bf09cef41ddb4c8c,https://lr.linkedin.com/jobs/view/customer-experience-enablement-senior-manager-at-hey-health-tech-4448712118,Customer Experience Enablement Senior Manager,Hey Health Tech,posted,2026-08-07T13:48:45.652031,638
d8848806188844cf,https://lr.linkedin.com/jobs/view/import-and-export-supervisor-liberia-at-sunda-international-4448881263,Import and Export Supervisor (Liberia),,scraped,2026-08-07T13:48:48.270811,
b6a10dc292e20c76,https://www.linkedin.com/jobs/view/2025/,"1,000+Norton Museum Of Art Jobs in United States",,failed|wp_post_failed,2026-08-07T13:48:57.207597,
955c9abbc0c6c08f,https://lr.linkedin.com/jobs/view/practice-interviewing-at-cmu-silicon-valley-4448768700,Practice interviewing,CMU Silicon Valley,posted,2026-08-07T13:49:12.036267,640
352bc9f421d2e494,https://lr.linkedin.com/jobs/view/freelance-copywriter-at-rexhio-4448785221,Freelance Copywriter,Rexhio,posted,2026-08-07T13:49:24.755878,642
1cb651f214902e1d,https://lr.linkedin.com/jobs/view/what-to-see-at-rts-2026-at-pcms-group-now-flooid-4450073487,What to see at RTS 2026,PCMS Group (now Flooid),posted,2026-08-07T13:49:35.801306,644
c77d64cb121da012,https://lr.linkedin.com/jobs/view/head-of-marketing-communications-at-rexhio-4448771902,Head of Marketing & Communications,Rexhio,posted,2026-08-07T13:49:44.810345,646
864c80c1cced74de,https://lr.linkedin.com/jobs/view/manager-at-bank-of-america-4448833909,Manager,Bank of America,posted,2026-08-07T13:49:49.570870,76
b1a05214ed9068ef,https://lr.linkedin.com/jobs/view/jana-dvo%C5%99%C3%A1%C4%8Dkov%C3%A1-v%C4%9B%C5%99%C3%ADm-%C5%BEe-pl%C3%A1ny-genderov%C3%A9-rovnosti-zlep%C5%A1%C3%AD-pracovn%C3%AD-podm%C3%ADnky-v%C5%A1ech-ve-v%C4%9Bd%C4%9B-at-stratin-strategick%C3%A1-inteligence-pro-v%C3%BDzkum-a-inovace-4449106534,"Jana Dvořáčková: Věřím, že plány genderové rovnosti zlepší pracovní podmínky všech ve vědě",STRATIN - Strategická inteligence pro výzkum a inovace,posted,2026-08-07T13:49:59.694384,648
70b5fba0c481facc,https://lr.linkedin.com/jobs/view/pension-administrator-at-convyta-partners-4447670102,Pension Administrator,,scraped,2026-08-07T13:50:02.315737,
11c3f5fbddbe0992,https://lr.linkedin.com/jobs/view/client-strategy-associate-at-hey-health-tech-4448705592,Client Strategy Associate,Hey Health Tech,posted,2026-08-07T13:50:15.019491,650
c5b944705d0e4733,https://lr.linkedin.com/jobs/view/manager-smb-onboarding-at-hey-health-tech-4448024938,"Manager, SMB Onboarding",Hey Health Tech,posted,2026-08-07T13:50:23.639586,652
25afdbedc9e2a81c,https://lr.linkedin.com/jobs/view/job-description-payroll-manager-at-howards-accountants-4449419329,Job Description: Payroll Manager,,scraped,2026-08-07T13:50:26.289821,
360697822d996321,https://lr.linkedin.com/jobs/view/%D0%B1%D0%B8%D0%B7%D0%BD%D0%B5%D1%81-%D0%BF%D0%B0%D1%80%D1%82%D0%BD%D0%B5%D1%80-%D0%B2-%D0%BE%D0%B1%D0%BB%D0%B0%D1%81%D1%82%D0%B8-%D1%86%D0%B8%D1%84%D1%80%D0%BE%D0%B2%D1%8B%D1%85-%D1%82%D0%B5%D1%85%D0%BD%D0%BE%D0%BB%D0%BE%D0%B3%D0%B8%D0%B9-16-02-2026-at-kaz-project-operating-llp-4448491701,Бизнес-партнер в области цифровых технологий (16/02/2026),Kaz Project Operating LLP,posted,2026-08-07T13:50:48.457885,654
9359fb8731ce3e6f,https://lr.linkedin.com/jobs/view/%E7%AE%A1%E7%90%86%E6%A0%84%E9%A4%8A%E5%A3%AB%EF%BC%88%E6%AD%A3%E8%81%B7%E5%93%A1%EF%BC%89-at-%EF%BC%88%E5%8C%BB%EF%BC%89%E6%84%9B%E6%AD%A3%E4%BC%9A-4449456942,管理栄養士（正職員）,（医）愛正会,failed|wp_post_failed,2026-08-07T13:50:52.478304,
07d5584a32ca0f69,https://lr.linkedin.com/jobs/view/children-s-ministry-at-petra-church-4446696110,Children's Ministry,Petra Church,posted,2026-08-07T13:51:02.614305,656
5aca0769460a80c3,https://lr.linkedin.com/jobs/view/web-designer-at-jobsthatfit-4450049215,Web Designer,JobsThatFit,posted,2026-08-07T13:51:11.784977,658
35ad31ceb7761d11,https://lr.linkedin.com/jobs/view/ready-to-step-into-the-spotlight-london%3F-at-pcms-group-now-flooid-4450070437,"Ready to step into the spotlight, London?",PCMS Group (now Flooid),posted,2026-08-07T13:51:22.117917,660
8c02da8ee24cbc2e,https://lr.linkedin.com/jobs/view/%E5%96%B6%E6%A5%AD%E8%81%B7-at-%EF%BC%88%E6%A0%AA%EF%BC%89%E5%8D%97%E4%BA%88%E3%83%93%E3%83%BC%E3%82%B8%E3%83%A7%E3%82%A4-4449438916,営業職,（株）南予ビージョイ,failed|wp_post_failed,2026-08-07T13:51:26.126833,
b48b52ea753e659a,https://lr.linkedin.com/jobs/view/royalp-family-at-chalet-royalp-h%C3%B4tel-spa-4448717364,RoyAlp Family,,scraped,2026-08-07T13:51:28.696047,
c9075e3b9377bcc7,https://lr.linkedin.com/jobs/view/floating-elc-cook-full-time-all-elc-sites-at-the-y-canberra-region-4448574680,Floating ELC Cook - Full Time - All ELC Sites,,scraped,2026-08-07T13:51:37.785130,
5783fc542576b2e4,https://lr.linkedin.com/jobs/view/a-cenomanian-turonian-source-rock-adventure-in-the-pelotas-basin-at-geo-expro-4450051619,A Cenomanian- Turonian source rock adventure in the Pelotas Basin,,scraped,2026-08-07T13:51:43.897661,
cf61a185cc7cfc88,https://lr.linkedin.com/jobs/view/production-worker-jost-vineyards-at-devonian-coast-wineries-ltd-4449413458,Production Worker Jost Vineyards,,scraped,2026-08-07T13:51:51.285555,
e46558437d3ee06d,https://lr.linkedin.com/jobs/view/%E3%83%9D%E3%82%B9%E3%83%86%E3%82%A3%E3%83%B3%E3%82%B0%E3%82%B9%E3%82%BF%E3%83%83%E3%83%95-at-%EF%BC%88%E6%A0%AA%EF%BC%89%E3%83%97%E3%83%A9%E3%82%B9%E3%82%B5%E3%83%BC%E3%83%93%E3%82%B9-4448484314,ポスティングスタッフ,（株）プラスサービス,failed|wp_post_failed,2026-08-07T13:51:59.453421,
8a587273544270c7,https://lr.linkedin.com/jobs/view/commonwealth-master%E2%80%99s-scholarships-at-agenticghx-4448587278,Commonwealth Master’s Scholarships,AgenticGHX,posted,2026-08-07T13:52:08.816945,662
46caa760e1f35743,https://lr.linkedin.com/jobs/view/%E3%82%B3%E3%83%B3%E3%82%B7%E3%82%A7%E3%83%AB%E3%82%B8%E3%83%A5%EF%BC%88%E7%B5%8C%E7%90%86%E7%B7%8F%E5%8B%99%EF%BC%89-at-tokyo-zeikei-center-4447348099,コンシェルジュ（経理総務）,,scraped,2026-08-07T13:52:11.321654,
b26858ff2cfecc95,https://lr.linkedin.com/jobs/view/hr-generalist-at-thompson-child-family-focus-a-child-s-place-program-4448630453,HR Generalist,Thompson Child &amp; Family Focus - A Child's Place Program,posted,2026-08-07T13:52:22.338431,42
92173a3acfe225c4,https://lr.linkedin.com/jobs/view/heavy-equipment-operator-grader-fort-hills-at-north-american-construction-group-4449090513,Heavy Equipment Operator (Grader) (Fort Hills),North American Construction Group,posted,2026-08-07T13:52:36.512370,664
2903d115e2a26ec5,https://lr.linkedin.com/jobs/view/%E3%83%8F%E3%83%BC%E3%83%89%E3%82%A6%E3%82%A7%E3%82%A2%E3%82%A8%E3%83%B3%E3%82%B8%E3%83%8B%E3%82%A2-ii-at-space-cubics-4448037270,ハードウェアエンジニア II,,scraped,2026-08-07T13:52:41.245216,
f63bf66c43dc208e,https://lr.linkedin.com/jobs/view/saturday-8am-parkrun-at-running-for-resilience-4449419068,Saturday 8AM - Parkrun,,scraped,2026-08-07T13:52:47.434365,
bc86359b0a113dc3,https://lr.linkedin.com/jobs/view/seasonal-opportunities-at-blackpool-zoo-4450076346,Seasonal Opportunities,,scraped,2026-08-07T13:52:56.167979,
2b415785615d44c5,https://lr.linkedin.com/jobs/view/%E5%85%89%E5%AD%A6%E5%85%83%E4%BB%B6%E5%8F%8A%E7%B2%BE%E5%AF%86%E5%8A%A0%E5%B7%A5%E9%94%80%E5%94%AE%E5%B7%A5%E7%A8%8B%E5%B8%88-at-dhr-optical-4448107089,光学元件及精密加工销售工程师,,scraped,2026-08-07T13:53:03.556736,
1582b50cdfc4e663,https://lr.linkedin.com/jobs/view/apply-for-%C3%A5forsk-travel-grant-at-%C3%A5forsk-foundation-4446660257,Apply for ÅForsk Travel Grant,,scraped,2026-08-07T13:53:13.542479,
57ff76202d495fba,https://lr.linkedin.com/jobs/view/ab%0Amay-29-2026-at-offshore-jobs-4449423626,"AB
May 29, 2026",,scraped,2026-08-07T13:53:20.346877,
a568d02af4ca43ae,https://lr.linkedin.com/jobs/view/%E6%96%B0%E5%8D%92%E3%80%90%E3%82%A4%E3%83%B3%E3%82%BF%E3%83%BC%E3%83%B3%E3%82%B7%E3%83%83%E3%83%97%E3%80%91-at-%E4%B8%89%E5%85%B1%E3%83%9D%E3%83%AA%E3%82%A8%E3%83%81%E3%83%AC%E3%83%B3%EF%BC%88%E6%A0%AA%EF%BC%89-4449059409,新卒【インターンシップ】,三共ポリエチレン（株）,failed|wp_post_failed,2026-08-07T13:53:31.694953,
0ead770f61f42d8c,https://lr.linkedin.com/jobs/view/section-head-staff-engineer-section-manager-principal-engineer-at-silterra-malaysia-sdn-bhd-4448480997,Section Head/ Staff Engineer/ Section Manager/ Principal Engineer,SilTerra Malaysia Sdn. Bhd.,posted,2026-08-07T13:54:57.624135,666
af49b2e1ad230413,https://lr.linkedin.com/jobs/view/senior-atlassian-platform-engineer-at-social-discovery-group-4411750752,Senior Atlassian Platform Engineer,,scraped,2026-08-07T13:55:00.263789,
2d8913093669006a,https://lr.linkedin.com/jobs/view/aaryan-solicitors-ltd-at-lawstreet-4449465757,Aaryan Solicitors Ltd,,scraped,2026-08-07T13:55:07.006523,
68cee783639ca9a0,https://lr.linkedin.com/jobs/view/https-teambuilding-teamtonic-com-team-building-bootcamp-at-team-tonic-services-team-building-4445853364,https://teambuilding-teamtonic.com/team-building-bootcamp/,,scraped,2026-08-07T13:55:14.233447,
e046a3e20eeb0a3d,https://lr.linkedin.com/jobs/view/abbleys-solicitors-limited-at-lawstreet-4449470502,Abbleys Solicitors Limited,,scraped,2026-08-07T13:55:21.400331,
a8e5743aeefc5179,https://lr.linkedin.com/jobs/view/senior-epd-operations-manager-at-hey-health-tech-4448045027,Senior EPD Operations Manager,Hey Health Tech,posted,2026-08-07T13:55:36.199968,668
707548f2cf7dff01,https://lr.linkedin.com/jobs/view/process-engineer-senior-process-engineer-at-silterra-malaysia-sdn-bhd-4448493382,Process Engineer/ Senior Process Engineer,SilTerra Malaysia Sdn. Bhd.,posted,2026-08-07T13:57:09.488786,670
1e7f488b3e0f95b8,https://lr.linkedin.com/jobs/view/process-engineer-senior-process-engineer-at-silterra-malaysia-sdn-bhd-4448702286,Process Engineer/ Senior Process Engineer,SilTerra Malaysia Sdn. Bhd.,scraped,2026-08-07T13:58:29.516311,
a688ce2086738e06,https://lr.linkedin.com/jobs/view/equipment-engineer-senior-equipment-engineer-at-silterra-malaysia-sdn-bhd-4448491546,Equipment Engineer/ Senior Equipment Engineer,SilTerra Malaysia Sdn. Bhd.,posted,2026-08-07T13:59:59.374445,672
26da5a4324476f10,https://lr.linkedin.com/jobs/view/equipment-engineer-senior-equipment-engineer-at-silterra-malaysia-sdn-bhd-4448485800,Equipment Engineer/ Senior Equipment Engineer,SilTerra Malaysia Sdn. Bhd.,scraped,2026-08-07T14:01:23.458434,
5f0b632c937510a9,https://lr.linkedin.com/jobs/view/aa-co-solicitors-at-lawstreet-4449460889,Aa & Co Solicitors,,scraped,2026-08-07T14:01:26.049741,
2e30c18a7abc19c4,https://lr.linkedin.com/jobs/view/partner-success-manager-east-at-hey-health-tech-4448714051,Partner Success Manager - East,Hey Health Tech,posted,2026-08-07T14:01:42.087634,674
6003c363482eed6c,https://lr.linkedin.com/jobs/view/senior-client-success-manager-at-hey-health-tech-4448025924,Senior Client Success Manager,Hey Health Tech,posted,2026-08-07T14:01:54.202400,676
0df7b7028e5b4122,https://lr.linkedin.com/jobs/view/%E5%88%9B%E6%84%8F%E6%80%BB%E7%9B%91%EF%BC%88copy-%EF%BC%89-at-%E6%95%B0%E8%8B%B1-digitaling-4447585663,创意总监（copy ）,,scraped,2026-08-07T14:01:56.717172,
5642e94b479c7e7b,https://lr.linkedin.com/jobs/view/engineer-senior-design-technology-device-modelling-at-silterra-malaysia-sdn-bhd-4448496532,ENGINEER/SENIOR - DESIGN TECHNOLOGY (DEVICE MODELLING),SilTerra Malaysia Sdn. Bhd.,posted,2026-08-07T14:03:32.945026,678
07266fadc01049e1,https://lr.linkedin.com/jobs/view/senior-implementation-manager-at-hey-health-tech-4448706565,Senior Implementation Manager,Hey Health Tech,posted,2026-08-07T14:03:42.667969,680
aac5a96a4e95abfb,https://lr.linkedin.com/jobs/view/%E6%8A%96%E7%BA%A2%E6%95%B0%E6%8D%AE%E7%AD%96%E7%95%A5%E7%BB%8F%E7%90%86-at-%E6%95%B0%E8%8B%B1-digitaling-4447590573,抖红数据策略经理,,scraped,2026-08-07T14:03:45.224207,
4d56169014b8a591,https://lr.linkedin.com/jobs/view/erot-engine-rating-officer-trainee-%0Aaugust-6-2026-at-offshore-jobs-4450243441,"EROT (Engine Rating Officer Trainee)
August 6, 2026",,scraped,2026-08-07T14:03:56.151390,
87b6af12dda0eeed,https://lr.linkedin.com/jobs/view/rise-challenge-at-high-school-opportunity-4449102113,RISE Challenge,High School Opportunity,posted,2026-08-07T14:04:14.199235,682
5c6f36defb11d2ef,https://lr.linkedin.com/jobs/view/devnetwork-api-%2B-cloud-%2B-ai-hackathon-2026-online-track-at-agenticghx-4448588231,DevNetwork API + Cloud + AI Hackathon 2026 (online track),AgenticGHX,posted,2026-08-07T14:04:24.008418,684
26f31131112f1bc8,https://lr.linkedin.com/jobs/view/senior-counsel-commercial-contracts-partnerships-at-hey-health-tech-4448047010,Senior Counsel (Commercial Contracts & Partnerships),Hey Health Tech,posted,2026-08-07T14:04:33.761085,686
4875288d64d1bf29,https://lr.linkedin.com/jobs/view/senior-counsel-healthcare-regulatory-privacy-employment-at-hey-health-tech-4448033962,"Senior Counsel (Healthcare Regulatory, Privacy & Employment)",Hey Health Tech,posted,2026-08-07T14:04:43.456447,688
71524b11650d1267,https://lr.linkedin.com/jobs/view/chevening-scholarships-2027-28-uk-master%E2%80%99s-%E2%80%94-ghana-eligible-at-agenticghx-4448590242,Chevening Scholarships 2027/28 (UK master’s — Ghana eligible),AgenticGHX,posted,2026-08-07T14:04:52.620601,690
ff6df2b8f4944bb0,https://lr.linkedin.com/jobs/view/virtual-physician-part-time-1099-at-hey-health-tech-4448041042,Virtual Physician (Part-Time - 1099),Hey Health Tech,posted,2026-08-07T14:05:02.621175,692
003ac25c6bd5bf80,https://lr.linkedin.com/jobs/view/what-are-your-top-of-mind-concerns%3F-at-chinadebate-4451039696,What Are Your Top of Mind Concerns?,CHINADebate,posted,2026-08-09T13:13:42.004078,694
77286aeb29311301,https://lr.linkedin.com/jobs/view/q-a-7-why-did-beijing-ban-online-tutoring%3F-at-chinadebate-4451035822,Q&A 7 | Why Did Beijing Ban Online Tutoring?,CHINADebate,posted,2026-08-09T13:13:55.676976,696
fd50f6e873e21f45,https://lr.linkedin.com/jobs/view/alice-at-spaceman-project-sl-4447668204,ALICE,SPACEMAN PROJECT SL,posted,2026-08-09T13:14:15.056922,698
79988904176585d5,https://lr.linkedin.com/jobs/view/prompt-rating-for-global-languages-at-falcon-tts-4449378128,Prompt Rating for Global Languages,FALCON TTS,posted,2026-08-09T13:14:19.725819,216
e3f07d96711891ca,https://lr.linkedin.com/jobs/view/workindia-revolutionizes-blue-collar-recruitment-with-fraud-detection-and-mobile-first-platform-at-pr-buddy-4449039125,WorkIndia Revolutionizes Blue Collar Recruitment with Fraud Detection and Mobile-First Platform,PR Buddy,posted,2026-08-09T13:14:28.722916,700
2f9d8f702c5844de,https://lr.linkedin.com/jobs/view/the-atypical-family-at-new-kdrama-4450736372,the-atypical-family,New Kdrama,posted,2026-08-09T13:14:41.339937,702
ca6787e0f2170cdc,https://lr.linkedin.com/jobs/view/%E9%81%8E%E5%8E%BB%E3%81%AE%E8%A9%A6%E9%A8%93%E5%95%8F%E9%A1%8C-at-national-diet-library-of-japan-4450521527,過去の試験問題,,scraped,2026-08-09T13:14:53.823574,
27f0bbcbd443579b,https://lr.linkedin.com/jobs/view/soundbetter-portfolio-at-kevin-brennan-4449689010,SoundBetter Portfolio,Kevin Brennan,posted,2026-08-09T13:15:08.381332,704
9d7d93eea2ec0e0a,https://lr.linkedin.com/jobs/view/brandon-mendoza-at-christiana-fire-company-inc-4451056671,BRANDON MENDOZA,"Christiana Fire Company, Inc",posted,2026-08-09T13:15:18.474484,706
64d63aabb837e619,https://lr.linkedin.com/jobs/view/commercial-office-motorized-blinds-at-gallant-custom-shading-4449443029,Commercial Office Motorized Blinds,Gallant Custom Shading,posted,2026-08-09T13:15:27.502278,708
41a1770e5139ba4b,https://lr.linkedin.com/jobs/view/sales-request-at-independent-pipe-and-supply-corp-4450521700,Sales Request,Independent Pipe and Supply Corp,posted,2026-08-09T13:15:36.478382,710
67dd4da755dd60df,https://lr.linkedin.com/jobs/view/submit-a-deal-today-get-an-answer-tomorrow-at-prime-deal-capital-4449737911,Submit a Deal Today. Get an Answer Tomorrow.,Prime Deal Capital,posted,2026-08-09T13:15:45.783513,712
f7340f8d988badd9,https://lr.linkedin.com/jobs/view/sterling-white-at-swe-4449990460,STERLING WHITE,SWE,posted,2026-08-09T13:15:54.740137,714
40f8ca2ca024322c,https://lr.linkedin.com/jobs/view/willie-at-yes-network-4449795962,WILLIE,YES Network,posted,2026-08-09T13:16:05.986571,716
e2f32340e8fff6c9,https://lr.linkedin.com/jobs/view/building-services-finder-at-building-owners-and-managers-association-greater-los-angeles-4450383964,Building Services Finder,Building Owners and Managers Association Greater Los Angeles,posted,2026-08-09T13:16:15.033884,718
63678f3b2e76fadf,https://lr.linkedin.com/jobs/view/broadcast-production-at-british-esports-federation-4448724470,Broadcast/Production,,scraped,2026-08-09T13:16:21.643772,
ea9f7e873bd8718f,https://lr.linkedin.com/jobs/view/worktour-at-ward-s-mediatech-4448908742,Worktour,Ward's MediaTech,posted,2026-08-09T13:16:35.544813,720
3dfaf64e41068980,https://lr.linkedin.com/jobs/view/home-technology-appliance-service-technician%0A-%C2%A0-full-time%0A-%C2%A0-closes-31-dec-at-jersey-electricity-4450316365,"Home Technology & Appliance Service Technician
                            - Full Time
                            - Closes 31 Dec",,scraped,2026-08-09T13:16:38.199241,
243d4d0bfff4bd35,https://lr.linkedin.com/jobs/view/how-the-noble-man-makes-women-feel-safe-6-principles-at-noble-warriors-inc-4449689370,How The Noble Man Makes Women Feel Safe: 6 Principles,"Noble Warriors, Inc.",posted,2026-08-09T13:16:51.336396,722
43ea689916fd95c0,https://lr.linkedin.com/jobs/view/home-technology-appliance-installer%0A-%C2%A0-full-time%0A-%C2%A0-closes-31-dec-at-jersey-electricity-4450316368,"Home Technology & Appliance Installer
                            - Full Time
                            - Closes 31 Dec",,scraped,2026-08-09T13:16:53.873702,
5073767b9d4202b0,https://lr.linkedin.com/jobs/view/minimally-invasive-joint-replacement-at-advanced-orthopedics-4448901663,Minimally Invasive Joint Replacement,Advanced Orthopedics,posted,2026-08-09T13:17:17.584878,724
0fba52b87eb57e8e,https://lr.linkedin.com/jobs/view/blackpink-merch-at-zhanskar-4449657359,Blackpink merch,Zhanskar,posted,2026-08-09T13:17:30.157016,726
afdb38ac38537685,https://lr.linkedin.com/jobs/view/friends-and-family-at-adoption-center-for-family-building-4451331987,Friends and Family,Adoption Center for Family Building,posted,2026-08-09T13:17:39.148123,728
a04d3bd7a8555818,https://lr.linkedin.com/jobs/view/%E5%90%88%E8%A7%84%E7%AE%A1%E7%90%86%E5%B2%97%E3%80%81%E5%8F%8D%E6%B4%97%E9%92%B1%E7%AE%A1%E7%90%86%E5%B2%97-at-edigene-inc-4449285007,合规管理岗、反洗钱管理岗,,scraped,2026-08-09T13:17:43.643504,
b01380bdd726f877,https://lr.linkedin.com/jobs/view/general-manager-3-months-3-weeks-ago-at-talwa-hr-solutions-4451306298,"General Manager / 3 months, 3 weeks ago",,scraped,2026-08-09T13:17:53.692252,
13c9f46c0c3bbe05,https://lr.linkedin.com/jobs/view/senior-manager-assistant-general-manager-at-swan-realty-4450357713,Senior Manager/Assistant General Manager,,scraped,2026-08-09T13:18:02.334725,
359aa5fa005aad41,https://lr.linkedin.com/jobs/view/%E9%A3%8E%E6%8E%A7%E6%89%A7%E8%A1%8C%EF%BC%88%E8%BF%9C%E7%A8%8B-at-web3-4450336537,风控执行（远程,Web3,failed|wp_post_failed,2026-08-09T13:19:22.155419,
f003f6d902ac3830,https://lr.linkedin.com/jobs/view/%E4%BA%A7%E5%93%81%E8%BF%90%E8%90%A5%EF%BC%88%E4%BA%A4%E6%98%93%EF%BC%89-at-highblock-4450355066,产品运营（交易）,HighBlock,failed|wp_post_failed,2026-08-09T13:19:28.203675,
8eaaadd04a531943,https://lr.linkedin.com/jobs/view/starter-pack-at-promptshq-4448940155,Starter Pack,PromptsHQ,posted,2026-08-09T13:19:37.884154,730
c73ac532d4320ad8,https://lr.linkedin.com/jobs/view/talent-acquisition-partner-apac-at-edigene-inc-4449266853,Talent Acquisition Partner-APAC,,scraped,2026-08-09T13:19:40.426606,
a35d363bc97cc3ea,https://lr.linkedin.com/jobs/view/boiler-operator-%E2%80%93-maintenance-operator-at-felician-university-school-of-arts-sciences-4450208327,Boiler Operator – Maintenance Operator,Felician University School of Arts &amp; Sciences,posted,2026-08-09T13:19:55.260142,732
81a49739b2885940,https://lr.linkedin.com/jobs/view/dora-nordic-%E2%80%93-visual-identity-at-scandinavian-designlab-part-of-idna-group-4448778029,Dora Nordic – Visual identity,,scraped,2026-08-09T13:19:57.868857,
df77b30d8a59de66,https://lr.linkedin.com/jobs/view/platform-operation-at-zhongshan-vastfafa-intelligent-technology-co-ltd-4445840892,Platform operation,,scraped,2026-08-09T13:20:04.203513,
b9db8262d154b6cc,https://lr.linkedin.com/jobs/view/process-operator-at-noblebio-b-v-4450066646,Process Operator,,scraped,2026-08-09T13:20:12.087765,
71303d3a5d648ee8,https://lr.linkedin.com/jobs/view/tony-morris-avoid-mood-hoovers-at-badger-sales-university-4449682600,Tony Morris: Avoid Mood Hoovers,Badger Sales University,posted,2026-08-09T13:20:27.567226,734
7413054c3ccf312c,https://lr.linkedin.com/jobs/view/pears-people-enquiry-and-resolution-service-administrator-at-betsi-cadwaladr-university-health-board-4451349130,PEARS (People Enquiry and Resolution Service) Administrator,,scraped,2026-08-09T13:20:30.105210,
d493288156a1459f,https://lr.linkedin.com/jobs/view/readying-for-retirement-at-healthscope%C2%AE-magazine-4450911749,Readying for Retirement,HealthScope® magazine,posted,2026-08-09T13:20:44.094181,736
6c362c89ff8bf7c4,https://lr.linkedin.com/jobs/view/%E4%BA%A7%E5%93%81%E7%BB%8F%E7%90%86-platform-at-astrox-4450343378,产品经理 Platform,AstroX,posted,2026-08-09T13:20:54.928496,738
e5390df3169068b1,https://lr.linkedin.com/jobs/view/b%C4%93rna-sagatavo%C5%A1ana-skolai-prasa-vismaz-250-eiro-ta%C4%8Du-vair%C4%81k-nek%C4%81-tre%C5%A1da%C4%BCai-latvijas-%C4%A3ime%C5%86u-bud%C5%BEets-nep%C4%81rsniedz-100-eiro-at-helio-media-4449101072,"Bērna sagatavošana skolai prasa vismaz 250 eiro, taču vairāk nekā trešdaļai Latvijas ģimeņu budžets nepārsniedz 100 eiro",,scraped,2026-08-09T13:20:57.535143,
e96c9076bedb7b45,https://lr.linkedin.com/jobs/view/general-user-at-quponing-4449608055,General User,Quponing,posted,2026-08-09T13:21:12.342030,740
3e7677fbc4f4f7ad,https://lr.linkedin.com/jobs/view/robotic-assisted-total-joint-replacement-at-advanced-orthopedics-4448589714,Robotic Assisted Total Joint Replacement,Advanced Orthopedics,posted,2026-08-09T13:21:21.569723,742
cd246cb9de3f334c,https://lr.linkedin.com/jobs/view/%E3%82%BD%E3%83%A0%E3%83%AA%E3%82%A8%E8%B3%87%E6%A0%BC%E3%81%8C%E9%96%8B%E3%81%84%E3%81%A6%E3%81%8F%E3%82%8C%E3%81%9F%E8%87%AA%E5%88%86%E3%81%AE%E9%81%93-at-%E4%BA%AC%E9%98%AA%E3%83%9B%E3%83%86%E3%83%AB%E3%82%BA%EF%BC%86%E3%83%AA%E3%82%BE%E3%83%BC%E3%83%84%EF%BC%88%E6%A0%AA%EF%BC%89-4447347949,ソムリエ資格が開いてくれた自分の道,京阪ホテルズ＆リゾーツ（株）,failed|wp_post_failed,2026-08-09T13:21:25.568368,
513bbb4feea1977a,https://lr.linkedin.com/jobs/view/woocommerce-theme-developer-at-roibyroy-4449119844,WooCommerce Theme Developer,RoibyRoy,posted,2026-08-09T13:21:36.825773,744
4fb07e2a5dcd6968,https://lr.linkedin.com/jobs/view/%E8%B5%84%E4%BA%A7%E8%BF%90%E8%90%A5-at-coinw-4450351206,资产运营,CoinW,failed|wp_post_failed,2026-08-09T13:21:40.724329,
d13095d969b8dcdd,https://lr.linkedin.com/jobs/view/admin-purchasing-supervisor-liberia-mj002163-at-sunda-international-4448893111,Admin Purchasing Supervisor (Liberia) (MJ002163),,scraped,2026-08-09T13:21:43.394766,
c58bdee84dc53f69,https://lr.linkedin.com/jobs/view/children-at-forestville-baptist-church-4449070349,Children,Forestville Baptist Church,posted,2026-08-09T13:21:57.810466,746
fff20941e3095c71,https://lr.linkedin.com/jobs/view/shang-jin-wei-presentation-2-gender-imbalance-as-a-driver-of-housing-prices-at-chinadebate-4451031970,Shang-jin Wei Presentation-2 | Gender Imbalance as a Driver of Housing Prices,CHINADebate,posted,2026-08-09T13:22:09.327119,748
8231ab6e5e3c70f1,https://lr.linkedin.com/jobs/view/employee-engagement-specialist-at-elephant-house-at-hunt-remotely-4451048145,Employee Engagement Specialist at Elephant House,Hunt Remotely,posted,2026-08-09T13:22:18.112015,750
82151a2454e94bc8,https://lr.linkedin.com/jobs/view/tailors-dressmakers-and-custom-sewers-at-jobspeopledo-com-4450238634,"Tailors, Dressmakers, and Custom Sewers",JobsPeopleDo.com,posted,2026-08-09T13:22:27.516231,752
2a46727fe9b1d8b8,https://lr.linkedin.com/jobs/view/twenty-five-twenty-one-at-new-kdrama-4450729953,twenty-five-twenty-one,New Kdrama,posted,2026-08-09T13:22:41.523019,754
4704dfa447fab62f,https://lr.linkedin.com/jobs/view/shang-jin-wei-presentation-3-analyzing-the-gender-imbalance-data-at-chinadebate-4451048417,Shang-jin Wei Presentation-3 | Analyzing the Gender Imbalance Data,CHINADebate,posted,2026-08-09T13:22:50.495920,756
657c9a648d7b12ef,https://lr.linkedin.com/jobs/view/construction-and-building-inspectors-at-jobspeopledo-com-4449494462,Construction and Building Inspectors,JobsPeopleDo.com,posted,2026-08-09T13:23:00.512663,758
78967e82fec7d5ac,https://lr.linkedin.com/jobs/view/%E2%80%9Cseeking-the-sweet-spot-in-offshore-ecuador%E2%80%99s-sweet-shop%E2%80%9D-at-geo-expro-4450056393,“Seeking the Sweet Spot in offshore Ecuador’s Sweet Shop”,,scraped,2026-08-09T13:23:02.944294,
ccd14ef35e179a33,https://lr.linkedin.com/jobs/view/the-power-of-family-mealtime-at-noble-warriors-inc-4449676537,The Power of Family Mealtime,"Noble Warriors, Inc.",posted,2026-08-09T13:23:16.816649,760
1e6a58e836270d41,https://lr.linkedin.com/jobs/view/how-to-engage-your-daughter%E2%80%99s-heart-at-noble-warriors-inc-4449688390,How to Engage Your Daughter’s Heart,"Noble Warriors, Inc.",posted,2026-08-09T13:23:26.494584,762
ad8a963ee8b467fe,https://lr.linkedin.com/jobs/view/teller-7-months-3-weeks-ago-at-talwa-hr-solutions-4451314077,"Teller / 7 months, 3 weeks ago",,scraped,2026-08-09T13:23:31.035248,
b870c07d62c69bd3,https://lr.linkedin.com/jobs/view/senior-product-manager-at-hey-health-tech-4448029999,Senior Product Manager,Hey Health Tech,posted,2026-08-09T13:23:44.592619,764
dfcb1082a953d5ee,https://lr.linkedin.com/jobs/view/cashier-7-months-3-weeks-ago-at-talwa-hr-solutions-4451306307,"Cashier / 7 months, 3 weeks ago",,scraped,2026-08-09T13:23:47.235180,
f0d6202f9e5479a3,https://lr.linkedin.com/jobs/view/creative-economy-manager-7-months-ago-at-talwa-hr-solutions-4451304485,Creative Economy Manager / 7 months ago,,scraped,2026-08-09T13:23:55.408472,
653145526fdd4b3d,https://lr.linkedin.com/jobs/view/%E7%90%86%E8%B4%A2-%E7%9F%BF%E6%B1%A0%E4%BA%A7%E5%93%81%E4%B8%93%E5%AE%B6-at-web3-4450347338,理财/矿池产品专家,Web3,posted,2026-08-09T13:25:23.043369,766
b7a188b8956519ff,https://lr.linkedin.com/jobs/view/%E7%94%A8%E6%88%B7%E5%A2%9E%E9%95%BF%E8%BF%90%E8%90%A5-at-web3-4450335635,用户增长运营,,scraped,2026-08-09T13:25:29.630832,
94668002db84db38,https://lr.linkedin.com/jobs/view/%E4%BF%84%E8%AF%ADbd%EF%BC%88%E8%BF%9C%E7%A8%8B%E5%8A%9E%E5%85%AC-at-web3-4450342424,俄语bd（远程办公,,scraped,2026-08-09T13:25:38.420154,
2eb45c3e66ab76b1,https://lr.linkedin.com/jobs/view/regis-groff-throwers-coach-at-colorado-high-school-activities-association-4448920945,Regis Groff - Throwers Coach,Colorado High School Activities Association,posted,2026-08-09T13:25:48.907971,536
c4d4711bb40857aa,https://lr.linkedin.com/jobs/view/%E4%B8%8A%E5%B8%81%E7%BB%8F%E7%90%86-at-deepcoin-4450352175,上币经理,,scraped,2026-08-09T13:25:51.486250,
3df5198e5838e58c,https://lr.linkedin.com/jobs/view/dzied%C4%81t%C4%81ja-samanta-t%C4%ABna-k%C4%BCuvusi-par-mammu-at-helio-media-4448989193,Dziedātāja Samanta Tīna kļuvusi par mammu,,scraped,2026-08-09T13:25:58.869390,
916ba4f0c5190e86,https://lr.linkedin.com/jobs/view/paving-and-surfacing-equipment-operator-at-jobspeopledo-com-4449601020,Paving and surfacing equipment operator,JobsPeopleDo.com,posted,2026-08-09T13:26:14.027824,768
938054c75b9527f5,https://lr.linkedin.com/jobs/view/culture-heritage-museum-manager-7-months-ago-at-talwa-hr-solutions-4451094942,Culture Heritage & Museum Manager / 7 months ago,,scraped,2026-08-09T13:26:16.587598,
3ee063492aa6cc0f,https://lr.linkedin.com/jobs/view/%E9%AB%98%E7%BA%A7%E4%BA%A7%E5%93%81%E7%BB%8F%E7%90%86-am-at-web3-4450335631,高级产品经理[AM],,scraped,2026-08-09T13:26:22.746900,
1b902a0ac7ab744d,https://lr.linkedin.com/jobs/view/%E4%BA%A7%E5%93%81%E7%BB%8F%E7%90%86-at-web3-4450596926,产品经理,Web3,failed|wp_post_failed,2026-08-09T13:27:42.981730,
0f0d304fb9319928,https://lr.linkedin.com/jobs/view/%E4%B8%9C%E5%8D%97%E4%BA%9A%E4%B8%9A%E5%8A%A1%E5%A2%9E%E9%95%BF%E7%BB%8F%E7%90%86%EF%BC%88%E7%BA%BF%E4%B8%8B%EF%BC%89-at-debox-4450344389,东南亚业务增长经理（线下）,debox,failed|wp_post_failed,2026-08-09T13:27:48.250848,
68cdb4703d9108fb,https://lr.linkedin.com/jobs/view/senior-ua-manager-meta-web-at-social-discovery-group-4446650714,"Senior UA Manager (Meta, Web)",,scraped,2026-08-09T13:27:54.757469,
5a648f6b76287eb0,https://lr.linkedin.com/jobs/view/%C4%93dienu-blogere-ju%C5%A1ka-padru%C5%A1ka-bauda-pirm%C4%81s-dienas-mammas-lom%C4%81-mums-iet-p%C4%81rsteidzo%C5%A1i-labi%21-at-helio-media-4449187096,"Ēdienu blogere Juška Padruška bauda pirmās dienas mammas lomā: ""Mums iet pārsteidzoši labi!""",,scraped,2026-08-09T13:28:02.884380,
c1305bf0a6f6f695,https://lr.linkedin.com/jobs/view/kyne-noncheleee-%E7%B7%92%E6%96%B9%E6%95%B0%E9%A6%AC-2018-on-air-at-gallery-takaoka-4449041543,"KYNE,NONCHELEEE,緒方数馬 2018 ON AIR",,scraped,2026-08-09T13:28:10.817261,
7dc7cd901f6e7f9a,https://lr.linkedin.com/jobs/view/%E9%AB%98%E7%BA%A7%E7%8E%B0%E8%B4%A7%E6%9D%A0%E6%9D%86%E4%BA%A7%E5%93%81%E7%BB%8F%E7%90%86%EF%BC%88%E8%BF%9C%E7%A8%8B%E5%8A%9E%E5%85%AC-at-web3-4450347362,高级现货杠杆产品经理（远程办公,,scraped,2026-08-09T13:28:18.576405,
522f46f07fb520b9,https://lr.linkedin.com/jobs/view/graphile-worker-at-appstackbuilder-4448283313,Graphile Worker,appstackbuilder,posted,2026-08-09T13:28:32.999950,770
80aee6a2c6723e1c,https://lr.linkedin.com/jobs/view/%E7%A0%94%E7%A9%B6%E5%91%98-at-deepcoin-4448524826,研究员,,scraped,2026-08-09T13:28:39.553223,
bd5e123829b50004,https://lr.linkedin.com/jobs/view/manufacturing-technician-sr-technician-tech-specialist-ae-at-silterra-malaysia-sdn-bhd-4448486731,Manufacturing - Technician/ Sr Technician/ Tech Specialist/ AE,SilTerra Malaysia Sdn. Bhd.,posted,2026-08-09T13:30:19.139960,772
7864ff3cd289f2d9,https://lr.linkedin.com/jobs/view/head-of-supply-chain-at-beneo-4449741489,Head of Supply Chain,,scraped,2026-08-09T13:30:21.697598,
3ba368877d3cc5a2,https://lr.linkedin.com/jobs/view/%E6%9C%BA%E6%9E%84bd-at-web3-4450332922,机构BD,Web3,posted,2026-08-09T13:31:44.700583,86
ea0302f85701fcd3,https://lr.linkedin.com/jobs/view/forklift-operator-at-resumeally-4449401321,Forklift Operator,ResumeAlly,posted,2026-08-09T13:31:49.807111,520
0770e01a98d08e04,https://lr.linkedin.com/jobs/view/senior-supply-chain-specialist-at-edigene-inc-4449265889,Senior Supply Chain Specialist,,scraped,2026-08-09T13:31:52.355043,
c0072d884c423ea0,https://lr.linkedin.com/jobs/view/manager-senior-manager-at-silterra-malaysia-sdn-bhd-4448489464,Manager/ Senior Manager,SilTerra Malaysia Sdn. Bhd.,posted,2026-08-09T13:33:27.769386,774
08b8187429e006fb,https://lr.linkedin.com/jobs/view/quality-assurance-assistant-at-new-vista-ky-4448898354,Quality Assurance Assistant,New Vista KY,posted,2026-08-09T13:33:38.158379,776
52451f7ae96e2716,https://lr.linkedin.com/jobs/view/%E8%BF%90%E8%90%A5%E7%BB%8F%E7%90%86-at-deepcoin-4450340454,运营经理,,scraped,2026-08-09T13:33:40.690577,
76f5e0071d46e404,https://lr.linkedin.com/jobs/view/%E4%BE%9B%E5%BA%94%E9%93%BEehs%E5%B7%A5%E7%A8%8B%E5%B8%88-a239724-at-edigene-inc-4449269892,供应链EHS工程师(A239724),,scraped,2026-08-09T13:33:56.075723,
92a9e065073a8b06,https://lr.linkedin.com/jobs/view/%E5%95%86%E5%8A%A1bd-%E5%8D%8E%E8%AF%AD%EF%BC%89-at-markets%2B-4450341413,商务BD(华语）,,scraped,2026-08-09T13:34:08.154574,
90538cffdd1cfcec,https://lr.linkedin.com/jobs/view/business-free-founder-at-neequisite-4448986647,Business Free Founder,NEEQUISITE,posted,2026-08-09T13:34:21.875269,778
166a729a0ffe60c5,https://lr.linkedin.com/jobs/view/ep%2359-artificial-intelligence-will-change-the-world-with-calum-chace-at-lux-and-friends-podcast-4448043353,Ep#59: Artificial Intelligence will change the world. With Calum Chace,,scraped,2026-08-09T13:34:24.403775,
83fd1f1d3796a152,https://lr.linkedin.com/jobs/view/crop-hoodie-at-stylastix-4449711414,Crop Hoodie,Stylastix,posted,2026-08-09T13:34:39.718734,780
72b56894ef0e0e1f,https://lr.linkedin.com/jobs/view/moroccan-atlantic-margin-where-geological-diversity-meets-outstanding-exploration-potential-at-geo-expro-4450038853,Moroccan Atlantic Margin: Where geological diversity meets outstanding exploration potential,,scraped,2026-08-09T13:34:42.195479,
6c0a8f00b5997da6,https://lr.linkedin.com/jobs/view/the-minister-of-energy-of-the-republic-of-kazakhstan-visited-the-tengiz-field-at-tengizchevroil-4450030010,The Minister of Energy of the Republic of Kazakhstan Visited the Tengiz Field,,scraped,2026-08-09T13:35:04.737609,
cd56d0ee57df75f4,https://lr.linkedin.com/jobs/view/officer-communications-at-international-federation-of-red-cross-and-red-crescent-societies-ifrc-4450616239,"Officer, Communications",,scraped,2026-08-09T13:35:11.227987,
c497f8f5471a3edb,https://lr.linkedin.com/jobs/view/web3-0-bd%E6%80%BB%E7%9B%91%EF%BC%88%E6%97%A5%E9%9F%A9%E6%96%B9%E5%90%91%EF%BC%89-at-debox-4450335609,Web3.0 BD总监（日韩方向）,debox,posted,2026-08-09T13:35:31.758115,782
b8417436318dc5ef,https://lr.linkedin.com/jobs/view/%E8%B3%87%E6%A0%BC%E8%AC%9B%E5%BA%A7-at-osaka-university-of-commerce-institute-for-amusement-industry-studies-4450579997,資格講座,Osaka University of Commerce Institute for Amusement Industry Studies,failed|wp_post_failed,2026-08-09T13:35:42.470122,
59d7582ab3b839f5,https://lr.linkedin.com/jobs/view/remote-office-assistant-at-rexhio-4451341644,Remote Office Assistant,Rexhio,posted,2026-08-09T13:35:52.436671,784
6c201f4bab7caf40,https://lr.linkedin.com/jobs/view/family-office-cfo-at-opg-our-peer-group-advisor-4451085518,Family Office CFO,OPG - Our Peer Group Advisor,posted,2026-08-09T13:36:08.677183,786
8d9d6e7779d269ce,https://lr.linkedin.com/jobs/view/pallone-statement-on-the-relocation-of-nokia-bell-labs-global-headquarters-to-new-jersey%E2%80%99s-sixth-congressional-district-at-congressman-frank-pallone-jr-4448796633,Pallone Statement on the Relocation of Nokia Bell Labs Global Headquarters to New Jersey’s Sixth Congressional District,Congressman Frank Pallone Jr,posted,2026-08-09T13:36:22.524423,788
469369ce457ce496,https://lr.linkedin.com/jobs/view/live-video-director-at-milestone-church-4450783066,LIVE VIDEO DIRECTOR,Milestone Church,posted,2026-08-09T13:36:36.065406,790
4918990392c9c1d0,https://lr.linkedin.com/jobs/view/december-2023-open-mic-night-at-community-forge-4449261466,DECEMBER 2023 OPEN MIC NIGHT,Community Forge,posted,2026-08-09T13:36:47.183873,792
44a384105db9403c,https://lr.linkedin.com/jobs/view/%E6%97%A5%E6%9C%ACbd%EF%BC%88base%E4%B8%9C%E4%BA%AC-at-web3-4450340459,日本bd（base东京,Web3,posted,2026-08-09T13:38:11.918481,794
e944c8e88e02a1b4,https://lr.linkedin.com/jobs/view/%E6%AC%A7%E6%B4%B2%E6%B8%A0%E9%81%93bd-at-web3-4450900780,欧洲渠道BD,Web3,posted,2026-08-09T13:39:28.194194,86
96246b974bf0b8ff,https://lr.linkedin.com/jobs/view/component-manager-economic-development-market-access-m-w-2-weeks-2-days-ago-at-talwa-hr-solutions-4451300711,"Component Manager - Economic Development Market Access (M/W) / 2 weeks, 2 days ago",,scraped,2026-08-09T13:39:32.793728,
e7f124e249baaf97,https://lr.linkedin.com/jobs/view/operations-manager-6-months-2-weeks-ago-at-talwa-hr-solutions-4451313088,"Operations Manager / 6 months, 2 weeks ago",,scraped,2026-08-09T13:39:39.055889,
f68f5625dbb33e5c,https://lr.linkedin.com/jobs/view/b2b-support-technician-dedicated-to-aml-4-weeks-1-day-ago-at-talwa-hr-solutions-4451097847,"B2B Support Technician (Dedicated to AML) / 4 weeks, 1 day ago",,scraped,2026-08-09T13:39:45.262491,
3f050f408a94f7bd,https://lr.linkedin.com/jobs/view/%E5%95%86%E5%8A%A1%E7%BB%8F%E7%90%86%EF%BC%88%E8%BF%9C%E7%A8%8B-at-web3-4450343379,商务经理（远程,Web3,failed|wp_post_failed,2026-08-09T13:41:06.622824,
1a127405bce483a5,https://lr.linkedin.com/jobs/view/%E4%B8%9A%E5%8A%A1%E6%8B%93%E5%B1%95%E7%BB%8F%E7%90%86-at-web3-4450340488,业务拓展经理,Web3,failed|wp_post_failed,2026-08-09T13:42:21.827449,
b7a9bbac0294eb53,https://lr.linkedin.com/jobs/view/project-manager-6-months-1-week-ago-at-talwa-hr-solutions-4451311160,"Project Manager / 6 months, 1 week ago",,scraped,2026-08-09T13:42:24.479486,
43f4955d21553971,https://lr.linkedin.com/jobs/view/%E5%95%86%E5%8A%A1%E6%8B%93%E5%B1%95bd-at-web3-4450353231,商务拓展BD,,scraped,2026-08-09T13:42:30.883488,
afcb515a47a45a08,https://lr.linkedin.com/jobs/view/%E5%8D%8E%E8%AF%AD%E5%B8%82%E5%9C%BAbd-at-web3-4450347350,华语市场BD,Web3,posted,2026-08-09T13:43:52.340346,86
75dc9eed90d3cd2b,https://lr.linkedin.com/jobs/view/%E6%AC%A7%E7%BE%8E-%E4%B8%AD%E4%B8%9C%E5%B8%82%E5%9C%BAbd%E8%B4%9F%E8%B4%A3%E4%BA%BA%EF%BC%88%E5%8F%AF%E8%BF%9C%E7%A8%8B%E5%8A%9E%E5%85%AC-at-web3-4450349227,欧美/中东市场BD负责人（可远程办公,Web3,posted,2026-08-09T13:45:10.517012,86
55e81263ed556f76,https://lr.linkedin.com/jobs/view/internal-auditor-risk-compliance-director-7-months-ago-at-talwa-hr-solutions-4451308193,Internal Auditor/Risk & Compliance Director / 7 months ago,,scraped,2026-08-09T13:45:13.162252,
623ada20cfec814b,https://lr.linkedin.com/jobs/view/media-communications-officer-7-months-ago-at-talwa-hr-solutions-4451305351,Media & Communications Officer / 7 months ago,,scraped,2026-08-09T13:45:19.621998,
53a46e7f8669faf7,https://lr.linkedin.com/jobs/view/business-growth-operations-lead-5-days-1-hour-ago-at-talwa-hr-solutions-4451095884,"Business Growth & Operations Lead / 5 days, 1 hour ago",,scraped,2026-08-09T13:45:25.826473,
faeeb8d5918a8035,https://lr.linkedin.com/jobs/view/sales-distribution-officer-7-months-3-weeks-ago-at-talwa-hr-solutions-4451305356,"Sales & Distribution Officer / 7 months, 3 weeks ago",,scraped,2026-08-09T13:45:31.974196,
8dd80bddfdb5ffd3,https://lr.linkedin.com/jobs/view/managing-director-assistant-liberia-at-sunda-international-4448887390,Managing Director Assistant (Liberia),,scraped,2026-08-09T13:45:38.205572,
6a0b8aa1fe4cf9ff,https://lr.linkedin.com/jobs/view/legal-affairs-manager-7-months-ago-at-talwa-hr-solutions-4451094939,Legal Affairs Manager / 7 months ago,,scraped,2026-08-09T13:45:46.780705,
46ff44f47b29b2c7,https://lr.linkedin.com/jobs/view/%E6%B5%B7%E5%A4%96%E4%BC%9A%E8%AE%A1%EF%BC%88base-%E9%A9%AC%E5%B0%BC%E6%8B%89-at-web3-4450355089,海外会计（base 马尼拉,Web3,posted,2026-08-09T13:47:14.538668,796
0f797817e6d1009b,https://lr.linkedin.com/jobs/view/senior-supervisor-customer-experience-direct-channel-3-months-1-week-ago-at-talwa-hr-solutions-4451313086,"Senior Supervisor - Customer Experience & Direct Channel / 3 months, 1 week ago",,scraped,2026-08-09T13:47:21.170039,
ff746b3bd3dffb00,https://lr.linkedin.com/jobs/view/component-manager-fisheries-value-chain-and-quality-standards-m-w-2-weeks-2-days-ago-at-talwa-hr-solutions-4451312095,"Component Manager - Fisheries Value Chain and Quality Standards (M/W) / 2 weeks, 2 days ago",,scraped,2026-08-09T13:47:33.487729,
35f9ac3d719e39a1,https://lr.linkedin.com/jobs/view/process-engineer-senior-process-engineer-at-silterra-malaysia-sdn-bhd-4448493493,Process Engineer/ Senior Process Engineer,SilTerra Malaysia Sdn. Bhd.,posted,2026-08-09T13:49:12.218758,670
9735c14446eb95f1,https://lr.linkedin.com/jobs/view/process-engineer-senior-process-engineer-at-silterra-malaysia-sdn-bhd-4448703264,Process Engineer/ Senior Process Engineer,SilTerra Malaysia Sdn. Bhd.,scraped,2026-08-09T13:50:36.853670,
76969aed781b5393,https://lr.linkedin.com/jobs/view/%E7%BD%91%E7%BB%9C%E5%AE%89%E5%85%A8%E5%B7%A5%E7%A8%8B%E5%B8%88-at-imf-ingenieurgesellschaft-meinhardt-fulst-gmbh-4448512898,网络安全工程师,,scraped,2026-08-09T13:50:39.365709,
657de19a45415d10,https://lr.linkedin.com/jobs/view/process-engineer-senior-process-engineer-at-silterra-malaysia-sdn-bhd-4448704326,Process Engineer/ Senior Process Engineer,SilTerra Malaysia Sdn. Bhd.,scraped,2026-08-09T13:52:07.694351,
3b4a48a37c7d8b7b,https://lr.linkedin.com/jobs/view/process-engineer-senior-process-engineer-at-silterra-malaysia-sdn-bhd-4448700380,Process Engineer/ Senior Process Engineer,SilTerra Malaysia Sdn. Bhd.,scraped,2026-08-09T13:53:36.537446,
fe84b27dd18da360,https://lr.linkedin.com/jobs/view/process-engineer-senior-process-engineer-at-silterra-malaysia-sdn-bhd-4448492536,Process Engineer/ Senior Process Engineer,SilTerra Malaysia Sdn. Bhd.,scraped,2026-08-09T13:55:01.125223,
1e38cbd3b7eb73c7,https://lr.linkedin.com/jobs/view/fttx-design-engineer-5-months-1-week-ago-at-talwa-hr-solutions-4451099812,"FTTX Design Engineer / 5 months, 1 week ago",,scraped,2026-08-09T13:55:03.755712,
fd0dfd6efbafaf72,https://lr.linkedin.com/jobs/view/manufacturing-engineer-senior-manufacturing-engineer-at-silterra-malaysia-sdn-bhd-4448705116,Manufacturing Engineer/ Senior Manufacturing Engineer,SilTerra Malaysia Sdn. Bhd.,posted,2026-08-09T13:56:40.639750,798
72ed48b435617862,https://lr.linkedin.com/jobs/view/%E3%83%9E%E3%82%A4%E3%82%AB%E3%82%A4%E3%83%9E%E3%83%BC%E3%83%88%E5%B7%9D%E5%8F%A3%E6%9F%B3%E6%A0%B9%E5%BA%97%E3%80%80%E3%82%B9%E3%82%BF%E3%83%83%E3%83%95%E5%8B%9F%E9%9B%86-at-%EF%BC%88%E6%A0%AA%EF%BC%89%E3%83%AD%E3%83%82%E3%83%A3%E3%83%BC%E3%82%B9-4448729290,マイカイマート川口柳根店　スタッフ募集,（株）ロヂャース,failed|wp_post_failed,2026-08-09T13:56:48.547613,
cbdb16fb730f0f5c,https://lr.linkedin.com/jobs/view/december-2025-open-mic-night-at-community-forge-4449254740,DECEMBER 2025 OPEN MIC NIGHT,Community Forge,posted,2026-08-09T13:56:57.213653,800
d816169baab277a7,https://lr.linkedin.com/jobs/view/finance-intern-at-world-vision-4450771184,Finance Intern,,scraped,2026-08-09T13:57:03.758664,
735024dc47af24a2,https://lr.linkedin.com/jobs/view/https-teambuilding-teamtonic-com-team-building-atelier-cocktail-mixologie-at-team-tonic-services-team-building-4445839647,https://teambuilding-teamtonic.com/team-building-atelier-cocktail-mixologie/,,scraped,2026-08-09T13:57:10.390131,
83fbdeec6f528fcb,https://lr.linkedin.com/jobs/view/fast-ai-practical-deep-learning-free-course-at-agenticghx-4448903085,fast.ai Practical Deep Learning (free course),AgenticGHX,posted,2026-08-09T13:57:24.225187,802
ecb2bce85dd602d0,https://lr.linkedin.com/jobs/view/country-director-drc-2025684-at-world-relief-4450048678,Country Director DRC - 2025684,World Relief,posted,2026-08-09T13:57:29.213880,74
7110cf6596280608,https://lr.linkedin.com/jobs/view/%E6%AD%A3%E7%A4%BE%E5%93%A1%EF%BC%9A%E5%B0%82%E9%96%80%E8%81%B7%E3%80%80%E6%8A%80%E8%A1%93%E7%AE%A1%E7%90%86%E9%83%A8%EF%BC%88%E5%8B%A4%E5%8B%99%E5%9C%B0%E3%80%80%E6%9D%B1%E4%BA%AC%EF%BC%89%0A%E2%80%BB%E5%BB%BA%E7%AF%89%E5%A3%AB%E8%B3%87%E6%A0%BC%E4%BF%9D%E6%9C%89%E8%80%85-at-%EF%BC%88%E6%A0%AA%EF%BC%89%E4%BD%8F%E5%AE%85%E3%81%82%E3%82%93%E3%81%97%E3%82%93%E4%BF%9D%E8%A8%BC-4449031536,"正社員：専門職　技術管理部（勤務地　東京）
※建築士資格保有者",（株）住宅あんしん保証,failed|wp_post_failed,2026-08-09T13:57:33.360161,
4607895956ee1bdb,https://lr.linkedin.com/jobs/view/ingenieur-civiele-techniek-wo-at-baars-cipro-4450528374,Ingenieur Civiele Techniek (wo),,scraped,2026-08-09T13:57:37.917581,
b7c443da468fa4c4,https://lr.linkedin.com/jobs/view/%E5%8D%80%E5%A1%8A%E9%8F%88%E9%96%8B%E7%99%BC%E4%BA%BA%E5%93%A1-at-imf-ingenieurgesellschaft-meinhardt-fulst-gmbh-4450339506,區塊鏈開發人員,,scraped,2026-08-09T13:57:44.099587,
34a662a160bbe832,https://lr.linkedin.com/jobs/view/%E9%83%A8%E5%93%81%E3%81%AB%E3%82%AD%E3%82%BA%E3%82%84%E5%89%B2%E3%82%8C%E3%81%8C%E3%81%AA%E3%81%84%E3%81%8B%E7%9B%AE%E8%A6%96%E3%83%81%E3%82%A7%E3%83%83%E3%82%AF-at-%EF%BC%88%E6%A0%AA%EF%BC%89%E3%83%88%E3%83%AA%E3%83%BC%E3%83%88-4450729238,部品にキズや割れがないか目視チェック,（株）トリート,failed|wp_post_failed,2026-08-09T13:57:56.882352,
2049c13e66a09172,https://lr.linkedin.com/jobs/view/seasonal-employment-opportunities-at-irvine-park-railroad-4451302336,SEASONAL EMPLOYMENT OPPORTUNITIES,Irvine Park Railroad,posted,2026-08-09T13:58:10.440084,804
0fe2073ce19927f2,https://lr.linkedin.com/jobs/view/production-design-intern-at-house-of-gravity-4449439876,Production & Design Intern,,scraped,2026-08-09T13:58:12.990100,
23505c203ff5f6af,https://lr.linkedin.com/jobs/view/corporate-volunteer-days-at-habitat-for-humanity-of-the-river-valley-4451071028,Corporate Volunteer Days,Habitat for Humanity of the River Valley,posted,2026-08-09T13:58:27.335520,806
e6de9cfab54f8826,https://lr.linkedin.com/jobs/view/north-american-cultural-ambassadors-at-spainexpat-4450602116,North American Cultural Ambassadors,SpainExpat,posted,2026-08-09T13:58:38.164726,808
56a55c86e90405d6,https://lr.linkedin.com/jobs/view/script-writer-at-hidima-4448731857,Script writer,hidima,posted,2026-08-09T13:58:46.942797,360
02dfc14a29dc3488,https://lr.linkedin.com/jobs/view/tool-town-sales-representative-at-rock-hard-landscape-supply-4450576997,TOOL TOWN SALES REPRESENTATIVE,Rock Hard Landscape Supply,posted,2026-08-09T13:58:56.523763,810
74d0e17c1909d90c,https://lr.linkedin.com/jobs/view/seasonal-worker-at-canalside-community-food-at-organic-growers-alliance-4451344509,Seasonal Worker at Canalside Community Food,Organic Growers Alliance,posted,2026-08-09T13:59:06.138757,812
11bd607db1019a24,https://lr.linkedin.com/jobs/view/rooftop-bartender-seasonal-at-arlo-hotels-4450747792,Rooftop Bartender (Seasonal),Arlo Hotels,posted,2026-08-09T13:59:15.390517,814
a78d9fe66d548dd9,https://lr.linkedin.com/jobs/view/voice-evaluation-study-%E2%80%94-german-speakers-needed-worldwide-at-software-testing-corp-4449735722,Voice Evaluation Study — German Speakers Needed [Worldwide],Software Testing Corp,posted,2026-08-09T13:59:24.459919,816
72511636b1c0fef6,https://lr.linkedin.com/jobs/view/graduate-trainee-hr-1-week-2-days-ago-at-talwa-hr-solutions-4451098873,"Graduate Trainee - HR / 1 week, 2 days ago",,scraped,2026-08-09T13:59:29.218794,
ef7435c5845d2fe2,https://lr.linkedin.com/jobs/view/compliance-officer-4-months-4-weeks-ago-at-talwa-hr-solutions-4451310175,"Compliance Officer / 4 months, 4 weeks ago",,scraped,2026-08-09T13:59:39.561587,
634360badad2f33b,https://lr.linkedin.com/jobs/view/customer-experience-direct-channel-trainer-4-months-4-weeks-ago-at-talwa-hr-solutions-4451301680,"Customer Experience & Direct Channel Trainer / 4 months, 4 weeks ago",,scraped,2026-08-09T13:59:53.750917,
6fd0db08ffc375b1,https://lr.linkedin.com/jobs/view/insights-analytics-manager-at-wpp-media-4452116181,Insights & Analytics Manager,WPP Media,posted,2026-08-11T13:38:27.791125,818
d492aaa9947e4334,https://lr.linkedin.com/jobs/view/%E4%BA%A7%E5%93%81%E7%BB%8F%E7%90%86-at-deepcoin-4450347337,产品经理,,scraped,2026-08-11T13:38:34.482909,
7a862c3c69f4d48a,https://lr.linkedin.com/jobs/view/home-care-scheduling-clerk-clerk-iii-at-prairie-mountain-health-4450797990,Home Care Scheduling Clerk (Clerk III),,scraped,2026-08-11T13:38:43.960285,
625465e1531d2a06,https://lr.linkedin.com/jobs/view/%E4%BA%A4%E6%98%93%E5%91%98%EF%BC%88%E8%BF%9C%E7%A8%8B-at-web3-4450333869,交易员（远程,Web3,failed|wp_post_failed,2026-08-11T13:40:04.364183,
82faf7abba5a1102,https://lr.linkedin.com/jobs/view/nrea-officers-building-representatives-at-north-reading-public-schools-4450579316,NREA Officers & Building Representatives,North Reading Public Schools,posted,2026-08-11T13:40:17.979318,820
230fa08603f21eb8,https://lr.linkedin.com/jobs/view/career-exploration-at-united-disability-services-4450932780,Career Exploration,United Disability Services,posted,2026-08-11T13:40:42.923136,822
c3d5c6ab41d9574e,https://lr.linkedin.com/jobs/view/utility-production-worker-at-scotia-investments-a-family-of-companies-4452405181,Utility Production Worker,Scotia Investments - A Family of Companies,posted,2026-08-11T13:40:55.367503,430
bb57380ef5a3cd9f,https://lr.linkedin.com/jobs/view/what-to-expect-from-an-acrylic-pin-manufacturer-at-backwoods-gallery-4449235883,What to Expect From an Acrylic Pin Manufacturer,,scraped,2026-08-11T13:40:57.976236,
172619ff26ddfad9,https://lr.linkedin.com/jobs/view/friends-and-family-at-adoption-center-for-family-building-4451544084,Friends and Family,Adoption Center for Family Building,posted,2026-08-11T13:41:12.592234,728
9e849dc97cc0655d,https://lr.linkedin.com/jobs/view/custom-requests-at-sk%C3%B6ld-labs-4449419297,Custom Requests,Sköld Labs,posted,2026-08-11T13:41:21.566411,824
0db944672be487c2,https://lr.linkedin.com/jobs/view/european-regulatory-landscape-strategic-implications-for-2025-at-international-intrigue-consulting-4449040095,European Regulatory Landscape: Strategic Implications for 2025,International Intrigue Consulting,posted,2026-08-11T13:41:34.424086,826
843873ef1439d403,https://lr.linkedin.com/jobs/view/%E9%A1%B9%E7%9B%AE%E8%BF%90%E8%90%A5-at-deepcoin-4450347321,项目运营,,scraped,2026-08-11T13:41:37.054535,
58e116dc0c0c15f4,https://lr.linkedin.com/jobs/view/spontanans%C3%B6kan-at-app-properties-4448739343,Spontanansökan,,scraped,2026-08-11T13:41:44.537269,
37bdf891b7f91e97,https://lr.linkedin.com/jobs/view/executive-search-in-portugal%E2%80%99s-industrial-and-automation-sector-at-civitas-4450516653,Executive Search in Portugal’s Industrial and Automation Sector,,scraped,2026-08-11T13:41:57.716856,
d7440f55575f6a8c,https://lr.linkedin.com/jobs/view/untitled%EF%BC%9Ac-at-gallery-takaoka-4449037553,Untitled：C,,scraped,2026-08-11T13:42:06.941895,
64df436b6b1615ac,https://lr.linkedin.com/jobs/view/account-manager-admin-at-hidima-4448535967,Account Manager / Admin,hidima,posted,2026-08-11T13:42:21.553175,828
e8cdbbfa0a3ceb81,https://lr.linkedin.com/jobs/view/albron-grabber-joe%E2%80%99s-at-stepfive-communicatie-design-bno-4450937678,ALBRON - Grabber Joe’s,,scraped,2026-08-11T13:42:24.213556,
9096f79f448d8e69,https://lr.linkedin.com/jobs/view/health-amp-sanitation-promotion-officer-at-lutheran-development-service-liberia-4449090705,HEALTH &amp; SANITATION PROMOTION OFFICER,"Lutheran Development Service, Liberia",posted,2026-08-11T13:42:43.962624,830
3d7bca667eeaed09,https://lr.linkedin.com/jobs/view/clinical-recruiter-at-hey-health-tech-4448035075,Clinical Recruiter,Hey Health Tech,posted,2026-08-11T13:42:53.598060,832
a356c1d339d20fe2,https://lr.linkedin.com/jobs/view/protection-and-control-coordinator-at-gurus-human-resource-consulting-group-4451353010,Protection And Control Coordinator,,scraped,2026-08-11T13:42:56.284635,
cba3b5bf0f2fc025,https://lr.linkedin.com/jobs/view/%E8%B7%9F%E5%8D%95%E8%BF%90%E8%90%A5%EF%BC%88%E8%BF%9C%E7%A8%8B-at-web3-4450341435,跟单运营（远程,Web3,failed|wp_post_failed,2026-08-11T13:44:15.280640,
e4a61894c3c12810,https://lr.linkedin.com/jobs/view/registration-licensing-manager-7-months-1-week-ago-at-talwa-hr-solutions-4451304484,"Registration & Licensing Manager / 7 months, 1 week ago",,scraped,2026-08-11T13:44:17.932895,
215b8361026603e1,https://lr.linkedin.com/jobs/view/%E7%94%A8%E6%88%B7%E5%A2%9E%E9%95%BF%E8%BF%90%E8%90%A5-at-coinw-4450331919,用户增长运营,CoinW,failed|wp_post_failed,2026-08-11T13:44:28.528756,
bcfd2b5f9f49804d,https://lr.linkedin.com/jobs/view/%E7%A4%BE%E9%95%B7%E3%81%8B%E3%82%89%E3%81%AE%E3%83%A1%E3%83%83%E3%82%BB%E3%83%BC%E3%82%B8-at-%E4%B8%AD%E5%A4%96%E8%A3%BD%E8%96%AC%E5%B7%A5%E6%A5%AD-chugai-pharma-manufacturing-co-ltd-4450933082,社長からのメッセージ,"中外製薬工業 / Chugai Pharma Manufacturing Co., Ltd.",failed|wp_post_failed,2026-08-11T13:44:36.793923,
17a212cd57c5ae4a,https://lr.linkedin.com/jobs/view/construction-claims-building-disputes-at-humphreys-co-4450584692,Construction Claims: Building Disputes,,scraped,2026-08-11T13:44:41.463499,
432419916799408d,https://lr.linkedin.com/jobs/view/albron-%E2%80%93-grabber-joe%E2%80%99s-at-stepfive-communicatie-design-bno-4450597484,Albron – Grabber Joe’s,,scraped,2026-08-11T13:44:49.128217,
e74caf02bd0a54f0,https://lr.linkedin.com/jobs/view/junior-researcher-position-within-surface-plasma-attosources-group-at-eli-alps-research-institute-4450772228,Junior researcher position within Surface Plasma Attosources Group,ELI ALPS Research Institute,posted,2026-08-11T13:45:43.657032,834
8caa7cd2f148a001,https://lr.linkedin.com/jobs/view/build-your-resume-like-a-pro-at-healthscope%C2%AE-magazine-4450916753,Build Your Resume Like a Pro,HealthScope® magazine,posted,2026-08-11T13:45:56.709435,836
5532ffc483c94cee,https://lr.linkedin.com/jobs/view/business-development-executive-at-udeck-services-4449294565,Business Development Executive,,scraped,2026-08-11T13:45:59.350492,
23e1cbcf102a3c6a,https://lr.linkedin.com/jobs/view/business-development-manager-at-lbank-4450353216,Business Development Manager,,scraped,2026-08-11T13:46:17.103213,
dafa932c59cbf682,https://lr.linkedin.com/jobs/view/home-technology-appliance-delivery-assistant%0A-%C2%A0-full-time%0A-%C2%A0-closes-31-dec-at-jersey-electricity-4450326150,"Home Technology & Appliance Delivery Assistant
                            - Full Time
                            - Closes 31 Dec",,scraped,2026-08-11T13:46:35.477735,
e383624c7c399044,https://lr.linkedin.com/jobs/view/how-the-noble-man-cherishes-his-wife-at-noble-warriors-inc-4449678462,How The Noble Man Cherishes His Wife,"Noble Warriors, Inc.",posted,2026-08-11T13:46:48.588760,838
c41c33cceb301fe1,https://lr.linkedin.com/jobs/view/%E6%B4%BB%E5%8A%A8%E9%A3%8E%E6%8E%A7-at-web3-4450332909,活动风控,,scraped,2026-08-11T13:46:51.136673,
a3215fb152085429,https://lr.linkedin.com/jobs/view/adoptive-family-stories-at-adoption-center-for-family-building-4451541186,Adoptive Family Stories,Adoption Center for Family Building,posted,2026-08-11T13:47:04.840541,840
62eedb86b1c33d54,https://lr.linkedin.com/jobs/view/%E8%B7%9F%E5%8D%95%E4%BA%A7%E5%93%81%E7%BB%8F%E7%90%86-at-web3-4450353227,跟单产品经理,,scraped,2026-08-11T13:47:07.483945,
75743359d2a091c0,https://lr.linkedin.com/jobs/view/top30-%E7%BE%8E%E5%8C%BAbd-at-web3-4450337521,Top30 美区BD,Web3,posted,2026-08-11T13:48:33.058104,842
3f2ed3a629673afa,https://lr.linkedin.com/jobs/view/waitress-1-week-ago-at-talwa-hr-solutions-4451311149,Waitress / 1 week ago,,scraped,2026-08-11T13:48:35.758645,
8ba03b66ae2fa2dd,https://lr.linkedin.com/jobs/view/%E6%8A%95%E6%94%BE%E7%BB%8F%E7%90%86-%E8%A1%8C%E4%B8%9A%E5%90%88%E4%BD%9C%E6%96%B9%E5%90%91%EF%BC%88%E8%BF%9C%E7%A8%8B-at-web3-4450352204,投放经理 - 行业合作方向（远程,,scraped,2026-08-11T13:48:42.355461,
4cd56756a1ee4e20,https://lr.linkedin.com/jobs/view/inspectorate-director-7-months-1-week-ago-at-talwa-hr-solutions-4451311161,"Inspectorate Director / 7 months, 1 week ago",,scraped,2026-08-11T13:48:49.108599,
b5ded2d6c1c09a57,https://lr.linkedin.com/jobs/view/information-technology-manager-7-months-1-week-ago-at-talwa-hr-solutions-4451095890,"Information Technology Manager / 7 months, 1 week ago",,scraped,2026-08-11T13:48:57.691506,
14e5b5de73357530,https://lr.linkedin.com/jobs/view/radio-un-tv-person%C4%ABbas-kristapa-t%C4%81lberga-%C4%A3imen%C4%93-dr%C4%ABzum%C4%81-gaid%C4%81ms-pieaugums-at-helio-media-4448989188,Radio un TV personības Kristapa Tālberga ģimenē drīzumā gaidāms pieaugums,,scraped,2026-08-11T13:49:04.348307,
c64c74f979a73994,https://lr.linkedin.com/jobs/view/pasaul%C4%93-n%C4%81cis-superb%C4%93bis-2025%21-at-helio-media-4449102083,Pasaulē nācis Superbēbis 2025!,,scraped,2026-08-11T13:49:13.646001,
3c66e28957392a10,https://lr.linkedin.com/jobs/view/cashier-3-months-3-weeks-ago-at-talwa-hr-solutions-4451315081,"Cashier / 3 months, 3 weeks ago",,scraped,2026-08-11T13:49:22.418482,
eb5afcb5f0b3feb6,https://lr.linkedin.com/jobs/view/monitoring-evaluation-and-learning-mel-manager-7-months-1-week-ago-at-talwa-hr-solutions-4451316053,"Monitoring, Evaluation and Learning (MEL) Manager / 7 months, 1 week ago",,scraped,2026-08-11T13:49:33.025393,
2ac4f7d7dc529b8c,https://lr.linkedin.com/jobs/view/%E7%BE%8E%E5%8C%BA-bd%EF%BC%88%E8%BF%9C%E7%A8%8B%E5%8A%9E%E5%85%AC-at-web3-4450339484,美区 BD（远程办公,Web3,posted,2026-08-11T13:50:53.354099,86
77d9e20d0f9b64c1,https://lr.linkedin.com/jobs/view/waitress-7-months-4-weeks-ago-at-talwa-hr-solutions-4451302426,"Waitress / 7 months, 4 weeks ago",,scraped,2026-08-11T13:50:56.033503,
fad079a9cffba0ce,https://lr.linkedin.com/jobs/view/%E9%9F%A9%E5%9B%BDbd-%E8%BF%9C%E7%A8%8B%E5%8A%9E%E5%85%AC-at-web3-4450354174,韩国BD(远程办公,,scraped,2026-08-11T13:51:12.620244,
cf2ed0a21094eba7,https://lr.linkedin.com/jobs/view/pr-external-communications-manager-at-social-discovery-group-4449568923,PR / External Communications Manager,,scraped,2026-08-11T13:51:19.288724,
6a26389e5c5d3233,https://lr.linkedin.com/jobs/view/service-engineer-at-ingersoll-rand-4449461494,Service Engineer,Ingersoll Rand,posted,2026-08-11T13:51:30.466102,446
c2072a8e65808905,https://lr.linkedin.com/jobs/view/cnc-lathe-operators-at-f-g-l-precision-limited-4446698936,CNC Lathe Operators,,scraped,2026-08-11T13:51:33.141179,
61d0f7d53596014b,https://lr.linkedin.com/jobs/view/england-tops-oecd-rankings-for-overqualified-workers-study-finds-trainingcourses-co-uk-at-trainingcourses-co-uk-4449664424,"England Tops OECD Rankings for Overqualified Workers, Study Finds - Trainingcourses.co.uk",Trainingcourses.co.uk,posted,2026-08-11T13:51:47.416131,844
12262e2c156c9217,https://lr.linkedin.com/jobs/view/technician-at-mantrac-liberia-4449842753,Technician,,scraped,2026-08-11T13:51:50.073667,
b1b85dd33721dc7b,https://lr.linkedin.com/jobs/view/%E6%9C%BA%E6%9E%84%E5%8B%9F%E8%B5%84%E8%B4%9F%E8%B4%A3%E4%BA%BA-at-web3-4449744912,机构募资负责人,,scraped,2026-08-11T13:51:56.579698,
43fa7c931498b149,https://lr.linkedin.com/jobs/view/production-assistant-at-gamezoo-studio-4449829827,PRODUCTION ASSISTANT,,scraped,2026-08-11T13:52:03.776703,
2b61c3f6f73ec85d,https://lr.linkedin.com/jobs/view/%E6%97%A5%E6%9C%ACbd-at-web3-4450339481,日本BD,Web3,posted,2026-08-11T13:53:23.924382,86
04321c63d7dd969b,https://lr.linkedin.com/jobs/view/chief-financial-officer-at-protev-group-4449061082,CHIEF FINANCIAL OFFICER,,scraped,2026-08-11T13:53:28.516949,
a26e07d291ab26a6,https://lr.linkedin.com/jobs/view/regis-groff-boys-head-wrestling-coach-at-colorado-high-school-activities-association-4448931205,Regis Groff - Boys Head Wrestling Coach,Colorado High School Activities Association,posted,2026-08-11T13:53:46.545098,846
8205a0e0223bc775,https://lr.linkedin.com/jobs/view/fmcg-sales-manager-liberia-at-sunda-international-4448888327,FMCG SALES MANAGER (Liberia),,scraped,2026-08-11T13:53:55.272289,
a923af58fa81a293,https://lr.linkedin.com/jobs/view/moneta-tanitim-at-birka-reklam-ve-tan%C4%B1t%C4%B1m-hizmetleri-4449052728,MONETA TANITIM,Birka Reklam ve Tanıtım Hizmetleri,posted,2026-08-11T13:54:16.549887,848
33e8e1d1ab65291e,https://lr.linkedin.com/jobs/view/collaborating-supervising-physician-for-advanced-practice-providers-at-animo-sano-psychiatry-4452401546,Collaborating/Supervising Physician for Advanced Practice Providers,Animo Sano Psychiatry,posted,2026-08-11T13:54:25.577075,474
d78b172b21cc8b1b,https://lr.linkedin.com/jobs/view/on-air-radio-talent-radio-content-and-programming-director-at-with-radio-inc-4448903449,On Air Radio Talent-Radio Content and Programming Director,With Radio Inc,posted,2026-08-11T13:54:30.604122,20
f1e9d547b1f3fe1e,https://lr.linkedin.com/jobs/view/eto%0Aaugust-11-2026-at-offshore-jobs-4452458436,"ETO
August 11, 2026",,scraped,2026-08-11T13:54:37.234416,
12af919a5ff35ac9,https://lr.linkedin.com/jobs/view/%E3%83%9D%E3%82%B9%E3%83%86%E3%82%A3%E3%83%B3%E3%82%B0%E3%82%B9%E3%82%BF%E3%83%83%E3%83%95-at-%EF%BC%88%E6%A0%AA%EF%BC%89%E3%83%97%E3%83%A9%E3%82%B9%E3%82%B5%E3%83%BC%E3%83%93%E3%82%B9-4449827493,ポスティングスタッフ,（株）プラスサービス,failed|wp_post_failed,2026-08-11T13:54:50.289761,
6561edfdc25e0991,https://lr.linkedin.com/jobs/view/%E5%8A%A0%E5%B7%A5%E3%83%A9%E3%82%A4%E3%83%B3%E3%82%AA%E3%83%9A%E3%83%AC%E3%83%BC%E3%82%BF%E3%83%BC-at-%EF%BC%88%E6%A0%AA%EF%BC%89%E3%83%88%E3%83%AA%E3%83%BC%E3%83%88-4451378523,加工ラインオペレーター,（株）トリート,failed|wp_post_failed,2026-08-11T13:54:54.488445,
eaf173f829790797,https://lr.linkedin.com/jobs/view/cad-operator-at-mtc-kk-4448966855,CAD operator,,scraped,2026-08-11T13:54:59.181094,
26ad9fb77af39255,https://lr.linkedin.com/jobs/view/advanced-practice-physiotherapist-at-gx-physio-performance-4447369489,Advanced Practice Physiotherapist,,scraped,2026-08-11T13:55:06.734064,
0520bf963efee59c,https://lr.linkedin.com/jobs/view/%2312449-%E8%96%84%E6%89%B6%E6%9E%97%E8%B2%9D%E6%B2%99%E7%81%A3%E6%89%BE%E4%B8%8A%E9%96%80%E4%BF%9D%E5%A7%86-at-babysitter-hk-%E5%B0%8B%E4%BF%9D%E7%B6%B2-4450601259,#12449 薄扶林貝沙灣找上門保姆,,scraped,2026-08-11T13:55:13.594754,
4090f7b9b56679eb,https://lr.linkedin.com/jobs/view/crew-internship-on-board-2027-5-months-at-dredging-environmental-marine-engineering-nv-4451573013,CREW INTERNSHIP ON BOARD 2027 - 5 MONTHS,Dredging Environmental &amp; Marine Engineering NV,posted,2026-08-11T13:55:34.410099,850
32a4d20d725ab5d8,https://lr.linkedin.com/jobs/view/lead-ai-generative-designer-at-social-discovery-group-4448022738,Lead AI Generative Designer,,scraped,2026-08-11T13:55:45.119734,
dc7b280f115a2a9d,https://lr.linkedin.com/jobs/view/%E5%AE%A2%E6%9C%8D%E4%B8%BB%E7%AE%A1%EF%BC%88%E8%BF%9C%E7%A8%8Bweb3-at-web3-4450350212,客服主管（远程web3,Web3,posted,2026-08-11T13:57:10.758742,852
c213014c416127cf,https://lr.linkedin.com/jobs/view/%E7%89%B9%E6%AE%8A%E8%B5%84%E4%BA%A7%E4%B8%9A%E5%8A%A1bd%E7%BB%8F%E7%90%86-%E6%80%BB%E7%9B%91-at-web3-4450353229,特殊资产业务BD经理/总监,,scraped,2026-08-11T13:57:17.385065,
9b388fe361b8e175,https://lr.linkedin.com/jobs/view/%E9%87%8F%E5%8C%96%E4%BA%A4%E6%98%93%E7%B3%BB%E7%BB%9F%E5%BC%80%E5%8F%91%E5%B7%A5%E7%A8%8B%E5%B8%88%EF%BC%88%E8%BF%9C%E7%A8%8B-at-web3-4450339493,量化交易系统开发工程师（远程,Web3,failed|wp_post_failed,2026-08-11T13:58:38.875256,
2f17210a63f8668c,https://lr.linkedin.com/jobs/view/%E8%A1%8C%E6%94%BF%E5%8A%A9%E7%90%86-at-web3-4450341426,行政助理,,scraped,2026-08-11T13:58:43.532107,
5f892e7a99db8b3f,https://lr.linkedin.com/jobs/view/cultural-centers-troupe-development-manager-7-months-1-week-ago-at-talwa-hr-solutions-4451315084,"Cultural Centers & Troupe Development Manager / 7 months, 1 week ago",,scraped,2026-08-11T13:58:52.185303,
d8c61d375c29f16d,https://lr.linkedin.com/jobs/view/vacancy-junior-associate-corporate-law-at-registrational-service-4451078631,VACANCY: JUNIOR ASSOCIATE (CORPORATE LAW),,scraped,2026-08-11T13:58:58.716058,
8beb8b0b1f2a0181,https://lr.linkedin.com/jobs/view/career-exploration-at-kroc-institute-for-international-peace-studies-university-of-notre-dame-4450083286,Career Exploration,"Kroc Institute for International Peace Studies, University of Notre Dame",posted,2026-08-11T13:59:09.131163,822
be2f22d2412b57e0,https://lr.linkedin.com/jobs/view/top-5-sofa-beds-perfect-for-sydney-apartments-and-guest-rooms-at-backwoods-gallery-4449241686,Top 5 Sofa Beds Perfect for Sydney Apartments and Guest Rooms,,scraped,2026-08-11T13:59:11.794064,
9a688dfe7926f6e6,https://lr.linkedin.com/jobs/view/majster-at-hoval-france-4451530930,Majster,,scraped,2026-08-11T13:59:20.700783,
f41e25e5cfc5be5e,https://lr.linkedin.com/jobs/view/%ED%98%84%EB%8C%80%EA%B1%B4%EC%84%A4-%EA%B8%B0%EC%88%A0%EC%97%B0%EA%B5%AC%EC%9B%90-%EC%88%98%EC%86%8C%EB%B6%84%EC%95%BC-%EA%B2%BD%EB%A0%A5%EC%A7%81-%EC%B1%84%EC%9A%A9-%EC%A0%91%EC%88%98-%7E5-8-at-the-korean-electrochemical-society-%ED%95%9C%EA%B5%AD%EC%A0%84%EA%B8%B0%ED%99%94%ED%95%99%ED%9A%8C-4449475664,[현대건설] 기술연구원 수소분야 경력직 채용 (접수 ~5/8),The Korean Electrochemical Society (한국전기화학회),posted,2026-08-11T13:59:47.165287,854
4adcd818c3e8fac1,https://lr.linkedin.com/jobs/view/%E8%B3%87%E6%A0%BC%E5%8F%96%E5%BE%97%E5%AE%9F%E7%B8%BE-at-osaka-university-of-commerce-institute-for-amusement-industry-studies-4450590463,資格取得実績,Osaka University of Commerce Institute for Amusement Industry Studies,failed|wp_post_failed,2026-08-11T14:00:03.096840,
e1638e17e335fff4,https://lr.linkedin.com/jobs/view/buy-at-taxassist-accountants-franchise-uk-4447354405,Buy,,scraped,2026-08-11T14:00:12.089858,
7591e8d372dc72bd,https://lr.linkedin.com/jobs/view/m%C3%A9canicien-automobile-h-f-at-emploiauto-4451354296,Mécanicien automobile (H/F),,scraped,2026-08-11T14:00:19.406899,
f7f990f5d7e81854,https://lr.linkedin.com/jobs/view/amc-10-12-at-high-school-opportunity-4448991247,AMC 10/12,High School Opportunity,posted,2026-08-11T14:00:34.713026,856
5ac828d398e47094,https://lr.linkedin.com/jobs/view/peer-crew-assistant-at-grub-garden-raised-bounty-4451062548,Peer Crew Assistant,GRuB (Garden-Raised Bounty),posted,2026-08-11T14:00:44.956347,858
ba7e39838310a05c,https://lr.linkedin.com/jobs/view/huisarts-praktijkhouder-huisartsenpraktijk-panta-rhei-te-breda-at-huisartsen-zorggroep-hzg-breda-4449210255,Huisarts - praktijkhouder | Huisartsenpraktijk Panta Rhei te Breda,,scraped,2026-08-11T14:00:47.623802,
d6cf048bf75bca15,https://lr.linkedin.com/jobs/view/component-manager-economic-development-market-access-m-w-2-weeks-4-days-ago-at-talwa-hr-solutions-4451300711,"Component Manager - Economic Development Market Access (M/W) / 2 weeks, 4 days ago",,scraped,2026-08-11T14:01:03.949571,
72a01b758529202d,https://lr.linkedin.com/jobs/view/business-growth-operations-lead-1-week-ago-at-talwa-hr-solutions-4451095884,Business Growth & Operations Lead / 1 week ago,,scraped,2026-08-11T14:01:10.672063,
8d704e7c521d36a1,https://lr.linkedin.com/jobs/view/field-supervisor-waste-sanitation-7-months-3-weeks-ago-at-talwa-hr-solutions-4451304487,"Field Supervisor, Waste & Sanitation / 7 months, 3 weeks ago",,scraped,2026-08-11T14:01:17.370089,
01b0f561c7c74ec7,https://lr.linkedin.com/jobs/view/operations-manager-6-months-3-weeks-ago-at-talwa-hr-solutions-4451313088,"Operations Manager / 6 months, 3 weeks ago",,scraped,2026-08-11T14:01:23.880300,
c9d79560e31bbd80,https://lr.linkedin.com/jobs/view/direct-channel-manager-5-months-ago-at-talwa-hr-solutions-4451312097,Direct Channel Manager / 5 months ago,,scraped,2026-08-11T14:01:30.514705,
8ad6c34f459353fc,https://lr.linkedin.com/jobs/view/finance-associate-1-week-4-days-ago-at-talwa-hr-solutions-4451316040,"Finance Associate / 1 week, 4 days ago",,scraped,2026-08-11T14:01:37.115762,
c42269d4fd9ced5c,https://lr.linkedin.com/jobs/view/itn-security-technician-2-months-3-weeks-ago-at-talwa-hr-solutions-4451308187,"ITN Security Technician / 2 months, 3 weeks ago",,scraped,2026-08-11T14:01:43.849315,
6576d97faad886da,https://lr.linkedin.com/jobs/view/chef-6-months-3-weeks-ago-at-talwa-hr-solutions-4451099815,"Chef / 6 months, 3 weeks ago",,scraped,2026-08-11T14:01:50.238404,
7dabbd90935697f4,https://lr.linkedin.com/jobs/view/financial-comptroller-7-months-4-weeks-ago-at-talwa-hr-solutions-4451099816,"Financial Comptroller / 7 months, 4 weeks ago",,scraped,2026-08-11T14:01:56.923948,
d3173dacef26ff89,https://lr.linkedin.com/jobs/view/app-support-specialist-6-months-1-week-ago-at-talwa-hr-solutions-4451099814,"App Support Specialist / 6 months, 1 week ago",,scraped,2026-08-11T14:02:03.786886,
151250a425ddcadc,https://lr.linkedin.com/jobs/view/component-manager-fisheries-value-chain-and-quality-standards-m-w-2-weeks-4-days-ago-at-talwa-hr-solutions-4451312095,"Component Manager - Fisheries Value Chain and Quality Standards (M/W) / 2 weeks, 4 days ago",,scraped,2026-08-11T14:02:16.341218,
be9bb9836af0385b,https://lr.linkedin.com/jobs/view/senior-clinical-quality-patient-relations-manager-at-hey-health-tech-4451044080,Senior Clinical Quality & Patient Relations Manager,Hey Health Tech,posted,2026-08-11T14:02:31.190197,860
a41f9b26427d35a3,https://lr.linkedin.com/jobs/view/network-performance-analyst-5-months-ago-at-talwa-hr-solutions-4451307240,Network Performance Analyst / 5 months ago,,scraped,2026-08-11T14:02:33.878534,
7241225b1ef003ab,https://lr.linkedin.com/jobs/view/senior-manager-%E2%80%93-orange-money-marketing-communication-2-months-1-week-ago-at-talwa-hr-solutions-4451097848,"Senior Manager – Orange Money Marketing & Communication / 2 months, 1 week ago",,scraped,2026-08-11T14:02:40.465543,
127182759c49ba6b,https://lr.linkedin.com/jobs/view/%E5%80%8B%E5%88%A5%E5%B0%B1%E8%81%B7%E3%82%B5%E3%83%9D%E3%83%BC%E3%83%88-at-osaka-university-of-commerce-institute-for-amusement-industry-studies-4450590462,個別就職サポート,Osaka University of Commerce Institute for Amusement Industry Studies,failed|wp_post_failed,2026-08-11T14:02:58.071455,
e58f99676080848a,https://lr.linkedin.com/jobs/view/manufacturing-engineer-senior-manufacturing-engineer-at-silterra-malaysia-sdn-bhd-4448497445,Manufacturing Engineer/ Senior Manufacturing Engineer,SilTerra Malaysia Sdn. Bhd.,posted,2026-08-11T14:04:17.061715,798
7b8aa83e4b00fdb7,https://lr.linkedin.com/jobs/view/equipment-engineer-senior-equipment-engineer-at-silterra-malaysia-sdn-bhd-4448486698,Equipment Engineer/ Senior Equipment Engineer,SilTerra Malaysia Sdn. Bhd.,posted,2026-08-11T14:05:36.918602,672
35704c48f23eb05a,https://lr.linkedin.com/jobs/view/equipment-engineer-senior-equipment-engineer-at-silterra-malaysia-sdn-bhd-4448486781,Equipment Engineer/ Senior Equipment Engineer,SilTerra Malaysia Sdn. Bhd.,scraped,2026-08-11T14:06:53.174056,
6f48563cfe83e3f4,https://lr.linkedin.com/jobs/view/nurse-practitioner-at-hey-health-tech-4449576616,Nurse Practitioner,Hey Health Tech,posted,2026-08-11T14:07:09.715846,862
7a6d0deadd9b0b06,https://lr.linkedin.com/jobs/view/customer-experience-direct-channel-trainer-5-months-ago-at-talwa-hr-solutions-4451301680,Customer Experience & Direct Channel Trainer / 5 months ago,,scraped,2026-08-11T14:07:18.510065,
a9e4de818ad6723d,https://lr.linkedin.com/jobs/view/environmental-innovation-graduate-trainee-7-months-3-weeks-ago-at-talwa-hr-solutions-4451301688,"Environmental & Innovation Graduate Trainee / 7 months, 3 weeks ago",,scraped,2026-08-11T14:07:25.229470,
44363fa84d087990,https://lr.linkedin.com/jobs/view/senior-social-media-manager-contract-at-hey-health-tech-4448032996,Senior Social Media Manager (Contract),Hey Health Tech,posted,2026-08-11T14:07:38.983319,864
6aca93f41de114a6,https://lr.linkedin.com/jobs/view/crop-hoodie-at-stylastix-4449704876,Crop Hoodie,,scraped,2026-08-11T14:07:41.602765,
d9567be5ceb7632c,https://lr.linkedin.com/jobs/view/lees-verder-at-fresh-unieke-mondzorg-4450927337,Lees verder >,,scraped,2026-08-11T14:07:48.232778,
84dcf73a7f2528de,https://lr.linkedin.com/jobs/view/payroll-manager-at-credit-bureau-of-vernon-county-4451400652,Payroll Manager,Credit Bureau Of Vernon County,posted,2026-08-13T13:40:50.174572,866
727a374b84d9efbd,https://lr.linkedin.com/jobs/view/start-a-conversation-at-alturnatech-4450716473,START A CONVERSATION.,AlturnaTech,posted,2026-08-13T13:40:59.856898,868
6c63cc790e3bd4ac,https://lr.linkedin.com/jobs/view/custom-fabrication-at-inland-tarp-liner-itl%E2%84%A2-llc-4450340877,CUSTOM FABRICATION,"Inland Tarp &amp; Liner (ITL™), LLC",posted,2026-08-13T13:41:08.537997,870
f80465d00cf3def2,https://lr.linkedin.com/jobs/view/sulphite-paper-at-grifagem-j-pedro-4453679309,SULPHITE PAPER,Grifagem J. Pedro,posted,2026-08-13T13:41:18.754049,384
4eb6a1f78f01900d,https://lr.linkedin.com/jobs/view/custom-fabrication-at-excelsior-wood-products-4451072766,Custom Fabrication,Excelsior Wood Products,posted,2026-08-13T13:41:25.343373,870
c17457c6c59a5454,https://lr.linkedin.com/jobs/view/child-watch-attendant-opener-at-ymca-of-east-tennessee-4452486186,Child Watch Attendant (opener),YMCA of East Tennessee,posted,2026-08-13T13:41:34.480860,872
0adf78879d8821f0,https://lr.linkedin.com/jobs/view/no-one-teaches-students-how-to-decide-%E2%80%94-and-that%E2%80%99s-the-real-crisis-at-unpaid-lessons-4452915638,NO ONE TEACHES STUDENTS HOW TO DECIDE — AND THAT’S THE REAL CRISIS,,scraped,2026-08-13T13:41:37.115448,
621dfd629564808b,https://lr.linkedin.com/jobs/view/%E6%9A%AE%E3%82%89%E3%81%97%E3%81%A8%E4%BB%95%E4%BA%8B%E3%82%92%E3%81%A4%E3%81%AA%E3%81%8E%E3%80%81%E5%AE%B6%E6%97%8F%E3%81%AE%E6%83%B3%E3%81%84%E3%82%92%E5%8F%B6%E3%81%88%E3%81%9F%E5%AE%B6-at-%EF%BC%88%E6%A0%AA%EF%BC%89%E3%81%82%E3%82%93%E3%81%98%E3%82%85%E3%83%9B%E3%83%BC%E3%83%A0-4450938820,暮らしと仕事をつなぎ、家族の想いを叶えた家,（株）あんじゅホーム,failed|wp_post_failed,2026-08-13T13:41:58.990766,
424101cdc8d4556e,https://lr.linkedin.com/jobs/view/acrylic-pin-vs-metal-pin-which-is-better-for-promotions%3F-at-backwoods-gallery-4449237789,Acrylic Pin vs Metal Pin: Which Is Better for Promotions?,,scraped,2026-08-13T13:42:03.608637,
d39590f075d9c4ca,https://lr.linkedin.com/jobs/view/%E4%BA%A7%E5%93%81%E7%BB%8F%E7%90%86%EF%BC%88%E8%B7%9F%E5%8D%95%EF%BC%89-at-web3-4450347369,产品经理（跟单）,Web3,failed|wp_post_failed,2026-08-13T13:43:23.189652,
13171f720671ab3d,https://lr.linkedin.com/jobs/view/garage-at-teatro-multiplan-morumbishopping-4449875904,GARAGE,,scraped,2026-08-13T13:43:25.645029,
c0d65882aa86df97,https://lr.linkedin.com/jobs/view/adoptive-family-stories-at-adoption-center-for-family-building-4453398811,Adoptive Family Stories,Adoption Center for Family Building,posted,2026-08-13T13:43:40.759388,840
cb99513371a13833,https://lr.linkedin.com/jobs/view/%E5%B8%82%E5%80%BC%E7%AE%A1%E7%90%86%E4%BA%BA%E5%91%98%EF%BC%88%E5%90%88%E7%BA%A6-%E7%8E%B0%E8%B4%A7%E6%96%B9%E5%90%91%EF%BC%89-at-bifinance-4450338549,市值管理人员（合约/现货方向）,,scraped,2026-08-13T13:43:43.303430,
02697fef1eaa1188,https://lr.linkedin.com/jobs/view/environmental-and-sustainability-officer-at-busnes%40llandrillomenai-4453094759,Environmental and Sustainability Officer,,scraped,2026-08-13T13:43:52.065140,
69d7c07ff02932c9,https://lr.linkedin.com/jobs/view/majster-at-hoval-united-kingdom-4452006876,Majster,,scraped,2026-08-13T13:44:01.983223,
1a9bd9410158a4e4,https://lr.linkedin.com/jobs/view/growth-manager-at-smartx-4450332914,Growth Manager,SmartX,posted,2026-08-13T13:44:24.231617,874
787ef0f4f1094de8,https://lr.linkedin.com/jobs/view/devops-engineer-at-social-discovery-group-4440151699,DevOps Engineer,,scraped,2026-08-13T13:44:26.764666,
043ebf9fe4173ec6,https://lr.linkedin.com/jobs/view/blue-orange-at-we-are-blue-orange-sl-4450507014,Blue Orange,We Are Blue Orange SL,posted,2026-08-13T13:44:41.867591,876
d2bf59d1cd77093f,https://lr.linkedin.com/jobs/view/regional-director-of-operations-at-executive-staffing-solutions-4449213141,REGIONAL DIRECTOR OF OPERATIONS,Executive Staffing Solutions,posted,2026-08-13T13:44:51.521488,878
3329c88dc7a8d4eb,https://lr.linkedin.com/jobs/view/junior-microsoft-365-administrator-at-tcdi-4450683767,Junior Microsoft 365 Administrator,TCDI,posted,2026-08-13T13:45:02.047320,880
949b96c73964a5c4,https://lr.linkedin.com/jobs/view/personal-assistant-to-the-executive-director-commercial-development-at-busnes%40llandrillomenai-4452696142,"Personal Assistant to the Executive Director, Commercial Development",,scraped,2026-08-13T13:45:04.553951,
e1b201913d423ed6,https://lr.linkedin.com/jobs/view/system-operator-at-ambrogio-4448789696,System Operator,,scraped,2026-08-13T13:45:13.978267,
c8a738fab770fa5b,https://lr.linkedin.com/jobs/view/spontanans%C3%B6kan-%E2%80%93-operat%C3%B6rer-lagerpersonal-at-crosscontrol-ab-4448745682,Spontanansökan – Operatörer / Lagerpersonal,,scraped,2026-08-13T13:45:21.203390,
5d9e5f3a0628dfe6,https://lr.linkedin.com/jobs/view/foreman-mining-3-positions-at-ivanhoe-mines-4452952131,Foreman Mining(3 positions),,scraped,2026-08-13T13:45:28.116493,
d39da8eb28ccc926,https://lr.linkedin.com/jobs/view/tiktok-%E7%9B%B4%E6%92%AD%E4%B8%BB%E6%8C%81%E4%BA%BA-at-aivora-4452715154,TikTok 直播主持人,,scraped,2026-08-13T13:45:35.349473,
2920e2f73c305f43,https://lr.linkedin.com/jobs/view/sales-executive-at-writeroots-4453698514,Sales Executive,WriteRoots,posted,2026-08-13T13:45:57.744130,882
d0a832617104184a,https://lr.linkedin.com/jobs/view/%E6%B5%B7%E5%A4%96bd-%E8%B4%9F%E8%B4%A3%E4%BA%BA-at-allcan-international-pte-ltd-4450347346,海外BD 负责人,ALLCAN International Pte. Ltd.,posted,2026-08-13T13:46:42.357161,86
4b2174ad8f60761f,https://lr.linkedin.com/jobs/view/%E5%95%86%E5%8A%A1%E6%80%BB%E7%9B%91-at-bifinance-4450354139,商务总监,,scraped,2026-08-13T13:46:44.958312,
b11c9df9094b6274,https://lr.linkedin.com/jobs/view/%E7%A4%BE%E5%8C%BA%E8%BF%90%E8%90%A5-at-deepcoin-4450348247,社区运营,,scraped,2026-08-13T13:46:53.525684,
d18a10674d7a5abd,https://lr.linkedin.com/jobs/view/procurement-officer-8-months-ago-at-talwa-hr-solutions-4451305357,Procurement Officer / 8 months ago,,scraped,2026-08-13T13:47:01.504304,
32a59bc58295fcef,https://lr.linkedin.com/jobs/view/%E4%B8%8A%E5%B8%81%E8%BF%90%E8%90%A5-at-deepcoin-4450346347,上币运营,,scraped,2026-08-13T13:47:08.397783,
25fe2154f4e1ed61,https://lr.linkedin.com/jobs/view/%E9%87%91%E8%9E%8D%E4%BA%A7%E5%93%81%E7%BB%8F%E7%90%86%EF%BC%88%E8%BF%9C%E7%A8%8B%E5%8A%9E%E5%85%AC-at-web3-4450346382,金融产品经理（远程办公,,scraped,2026-08-13T13:47:15.688925,
a48edd8d2989ade1,https://lr.linkedin.com/jobs/view/from-image-to-insight-why-seismic-data-quality-matters-for-co%E2%82%82-storage-at-geo-expro-4450056391,From image to insight: Why seismic data quality matters for CO₂ storage,,scraped,2026-08-13T13:47:22.579633,
ce1ad91db2e87951,https://lr.linkedin.com/jobs/view/%E7%A4%BE%E5%AA%92%E8%BF%90%E8%90%A5-at-deepcoin-4450340441,社媒运营,,scraped,2026-08-13T13:47:30.758270,
42b1d6af43e94407,https://lr.linkedin.com/jobs/view/teller-7-months-4-weeks-ago-at-talwa-hr-solutions-4451314077,"Teller / 7 months, 4 weeks ago",,scraped,2026-08-13T13:47:38.311898,
062f9dfa9b00752a,https://lr.linkedin.com/jobs/view/%E6%AC%A7%E7%BE%8Ebd%EF%BC%88%E8%BF%9C%E7%A8%8B-at-web3-4450348260,欧美BD（远程,,scraped,2026-08-13T13:47:48.793218,
26c5aa4254c873ef,https://lr.linkedin.com/jobs/view/%E8%9E%8D%E8%B5%84%E8%B4%9F%E8%B4%A3%E4%BA%BA%EF%BC%88%E8%BF%9C%E7%A8%8B-at-web3-4450354159,融资负责人（远程,,scraped,2026-08-13T13:47:55.637225,
207366f878510fcf,https://lr.linkedin.com/jobs/view/solar-technician-1-month-ago-at-talwa-hr-solutions-4451313085,Solar Technician / 1 month ago,,scraped,2026-08-13T13:48:04.672047,
9a336fc039cff716,https://lr.linkedin.com/jobs/view/halo-oils-tight-rock-saturation-and-production-allocation-what-the-north-american-playbook-can-and-can%E2%80%99t-tell-the-next-set-of-unconventional-basins-at-geo-expro-4450058181,"Halo oils, tight-rock saturation, and production allocation: What the North American playbook can and can’t tell the next set of unconventional basins",,scraped,2026-08-13T13:48:13.111252,
6b74d63d4683c522,https://lr.linkedin.com/jobs/view/network-performance-analyst-3-months-2-weeks-ago-at-talwa-hr-solutions-4451311154,"Network Performance Analyst / 3 months, 2 weeks ago",,scraped,2026-08-13T13:48:25.905622,
7b745fe069f763e3,https://lr.linkedin.com/jobs/view/%E5%8C%BA%E5%9D%97%E9%93%BE%E9%92%B1%E5%8C%85%E5%BC%80%E5%8F%91%EF%BC%88%E8%BF%9C%E7%A8%8B-at-web3-4450341418,区块链钱包开发（远程,,scraped,2026-08-13T13:48:38.458661,
521bb0ac3d778118,https://lr.linkedin.com/jobs/view/project-manager-6-months-2-weeks-ago-at-talwa-hr-solutions-4451311160,"Project Manager / 6 months, 2 weeks ago",,scraped,2026-08-13T13:48:45.351359,
1389bd26095a6113,https://lr.linkedin.com/jobs/view/roaming-supervisor-5-months-3-weeks-ago-at-talwa-hr-solutions-4451316049,"Roaming Supervisor / 5 months, 3 weeks ago",,scraped,2026-08-13T13:48:51.642432,
eaf6bb7b3ff13739,https://lr.linkedin.com/jobs/view/utility-driver-light-duty-7-months-3-weeks-ago-at-talwa-hr-solutions-4451094943,"Utility Driver (Light Duty) / 7 months, 3 weeks ago",,scraped,2026-08-13T13:48:58.042947,
733dd318e7d613a0,https://lr.linkedin.com/jobs/view/policy-planning-and-research-manager-7-months-1-week-ago-at-talwa-hr-solutions-4451305354,"Policy, Planning and Research Manager / 7 months, 1 week ago",,scraped,2026-08-13T13:49:06.531203,
9e48171d4993884e,https://lr.linkedin.com/jobs/view/component-manager-economic-development-market-access-m-w-2-weeks-6-days-ago-at-talwa-hr-solutions-4451300711,"Component Manager - Economic Development Market Access (M/W) / 2 weeks, 6 days ago",,scraped,2026-08-13T13:49:13.132036,
7c45766e3ac3cc0f,https://lr.linkedin.com/jobs/view/creative-producer-performance-marketing-at-social-discovery-group-4449859187,Creative Producer (Performance Marketing),,scraped,2026-08-13T13:49:19.432338,
acd1987a43dadd85,https://lr.linkedin.com/jobs/view/financial-comptroller-8-months-ago-at-talwa-hr-solutions-4451099816,Financial Comptroller / 8 months ago,,scraped,2026-08-13T13:49:30.340580,
d44523f83cd822d0,https://lr.linkedin.com/jobs/view/chef-6-months-4-weeks-ago-at-talwa-hr-solutions-4451099815,"Chef / 6 months, 4 weeks ago",,scraped,2026-08-13T13:49:40.789107,
37919b1c10280a03,https://lr.linkedin.com/jobs/view/b2b-support-technician-dedicated-to-aml-1-month-ago-at-talwa-hr-solutions-4451097847,B2B Support Technician (Dedicated to AML) / 1 month ago,,scraped,2026-08-13T13:49:47.159254,
ed1c65d1405a76b9,https://lr.linkedin.com/jobs/view/b2b-support-technician-dedicated-to-aml-5-months-ago-at-talwa-hr-solutions-4451300718,B2B Support Technician (Dedicated to AML) / 5 months ago,,scraped,2026-08-13T13:49:53.535857,
ebbf7075f19fc33c,https://lr.linkedin.com/jobs/view/internal-auditor-risk-compliance-director-7-months-1-week-ago-at-talwa-hr-solutions-4451308193,"Internal Auditor/Risk & Compliance Director / 7 months, 1 week ago",,scraped,2026-08-13T13:49:59.781771,
abf0f39dbcae367a,https://lr.linkedin.com/jobs/view/marketing-project-manager-growth-marketing-manager-at-social-discovery-group-4452929645,Marketing Project Manager/Growth Marketing Manager,,scraped,2026-08-13T13:50:08.209865,
841bb6579db350de,https://lr.linkedin.com/jobs/view/component-manager-fisheries-value-chain-and-quality-standards-m-w-2-weeks-6-days-ago-at-talwa-hr-solutions-4451312095,"Component Manager - Fisheries Value Chain and Quality Standards (M/W) / 2 weeks, 6 days ago",,scraped,2026-08-13T13:50:14.490483,
98b5509ceef83794,https://lr.linkedin.com/jobs/view/senior-technical-support-specialist-fintech-open-banking-at-social-discovery-group-4412234778,Senior Technical Support Specialist (FinTech / Open Banking),,scraped,2026-08-13T13:50:21.025004,
8cd9abdb5a40f8e0,https://lr.linkedin.com/jobs/view/fttx-engineer-%E2%80%93-installation-customer-maintenance-5-months-2-weeks-ago-at-talwa-hr-solutions-4451307241,"FTTX Engineer – Installation & Customer Maintenance / 5 months, 2 weeks ago",,scraped,2026-08-13T13:50:37.221518,
1e1ad89cfb7ff572,https://lr.linkedin.com/jobs/view/assistant-civil-design-engineer-%E2%80%93-drainage-at-nimbus-engineering-consultants-ltd-4451350541,Assistant Civil Design Engineer – Drainage,,scraped,2026-08-13T13:50:45.671145,
c121fa84022ebd70,https://lr.linkedin.com/jobs/view/senior-performance-and-consumer-insight-analyst-5-months-ago-at-talwa-hr-solutions-4451300717,Senior Performance and Consumer Insight Analyst / 5 months ago,,scraped,2026-08-13T13:50:53.388173,
6880bd4a58f38396,https://lr.linkedin.com/jobs/view/senior-manager-%E2%80%93-b2b-home-broadband-carrier-services-6-months-1-week-ago-at-talwa-hr-solutions-4451301683,"Senior Manager – B2B Home Broadband Carrier Services / 6 months, 1 week ago",,scraped,2026-08-13T13:51:01.966602,
614510e01c0f4957,https://lr.linkedin.com/jobs/view/equipment-engineer-senior-equipment-engineer-at-silterra-malaysia-sdn-bhd-4448487563,Equipment Engineer/ Senior Equipment Engineer,SilTerra Malaysia Sdn. Bhd.,posted,2026-08-13T13:52:29.518697,672
86e54f3b598db23c,https://lr.linkedin.com/jobs/view/marketing-social-media-influencer-intern-at-thc-consulting-fze-4450733966,Marketing & Social Media Influencer Intern,THC Consulting FZE,posted,2026-08-13T13:52:46.787118,884
cff8b08038e523cb,https://lr.linkedin.com/jobs/view/product-operations-and-strategy-manager-at-hey-health-tech-4448718015,Product Operations and Strategy Manager,Hey Health Tech,posted,2026-08-13T13:53:00.541770,886
af8d5d7a1e638684,https://lr.linkedin.com/jobs/view/project-meal-officer-5-months-3-weeks-ago-at-talwa-hr-solutions-4451315082,"Project & MEAL Officer / 5 months, 3 weeks ago",,scraped,2026-08-13T13:53:03.187899,
66824828e87b1021,https://lr.linkedin.com/jobs/view/operations-manager-at-partners-in-health-4451191990,Operations Manager,Partners In Health,posted,2026-08-13T13:53:17.753890,888
44743ca631297130,https://lr.linkedin.com/jobs/view/operations-manager-at-partners-in-health-4451418013,Operations Manager,Partners In Health,posted,2026-08-13T13:53:22.351088,888
96c1efb9a0cb823b,https://lr.linkedin.com/jobs/view/compliance-assistant-5-months-ago-at-talwa-hr-solutions-4451301681,Compliance Assistant / 5 months ago,,scraped,2026-08-13T13:53:25.008516,
fcfdcd1ea40755ca,https://lr.linkedin.com/jobs/view/%E7%89%87%E6%89%8B%E3%81%A7%E6%8C%81%E3%81%A6%E3%82%8B%E9%83%A8%E5%93%81%E3%82%92%E6%A9%9F%E6%A2%B0%E3%81%A7%E6%A2%B1%E5%8C%85-at-%EF%BC%88%E6%A0%AA%EF%BC%89%E3%83%88%E3%83%AA%E3%83%BC%E3%83%88-4450711685,片手で持てる部品を機械で梱包,（株）トリート,failed|wp_post_failed,2026-08-13T13:53:32.936195,
14ba2a2d13baa896,https://lr.linkedin.com/jobs/view/compliance-officer-5-months-ago-at-talwa-hr-solutions-4451310175,Compliance Officer / 5 months ago,,scraped,2026-08-13T13:53:35.598973,
